date,COL,NG,NUC,OIL,OTH,SUN,WAT,WND
2019-01-01,41383.0,33744.0,197816.0,0.0,308.0,333.0,74504.0,0.0
2019-01-02,53032.0,91302.0,198437.0,0.0,453.0,74.0,80081.0,0.0
2019-01-03,53158.0,119721.0,198452.0,0.0,538.0,172.0,73810.0,0.0
2019-01-04,52500.0,112557.0,198315.0,0.0,509.0,161.0,75025.0,0.0
2019-01-05,51606.0,100697.0,198700.0,0.0,406.0,952.0,79248.0,0.0
2019-01-06,43119.0,91495.0,199089.0,0.0,398.0,863.0,77582.0,0.0
2019-01-07,39541.0,83868.0,198745.0,0.0,459.0,481.0,81117.0,0.0
2019-01-08,45824.0,73154.0,198329.0,0.0,493.0,703.0,76162.0,0.0
2019-01-09,54066.0,105618.0,198939.0,0.0,496.0,1049.0,78173.0,0.0
2019-01-10,67997.0,170059.0,199490.0,0.0,548.0,1020.0,81640.0,0.0
2019-01-11,90909.0,167851.0,199676.0,0.0,457.0,474.0,86279.0,0.0
2019-01-12,81819.0,105757.0,200065.0,0.0,395.0,83.0,80217.0,0.0
2019-01-13,78328.0,79025.0,199957.0,0.0,389.0,77.0,78282.0,0.0
2019-01-14,85440.0,126227.0,199902.0,0.0,361.0,130.0,88022.0,0.0
2019-01-15,92626.0,165541.0,199912.0,0.0,423.0,363.0,69331.0,0.0
2019-01-16,85044.0,163666.0,198903.0,0.0,378.0,904.0,82186.0,0.0
2019-01-17,86917.0,136978.0,199641.0,0.0,411.0,70.0,81198.0,0.0
2019-01-18,82564.0,97266.0,199225.0,0.0,468.0,214.0,79255.0,0.0
2019-01-19,82965.0,54865.0,198749.0,0.0,249.0,180.0,72491.0,0.0
2019-01-20,98147.0,112340.0,198058.0,0.0,403.0,823.0,76373.0,0.0
2019-01-21,127535.0,188850.0,199622.0,0.0,350.0,1111.0,83858.0,0.0
2019-01-22,126131.0,154719.0,199180.0,0.0,252.0,320.0,80694.0,0.0
2019-01-23,105882.0,86168.0,198710.0,0.0,280.0,55.0,72149.0,0.0
2019-01-24,113403.0,111470.0,198970.0,0.0,163.0,1564.0,77081.0,0.0
2019-01-25,122172.0,141120.0,199495.0,0.0,269.0,1165.0,72857.0,0.0
2019-01-26,114456.0,123020.0,199968.0,0.0,641.0,967.0,82420.0,0.0
2019-01-27,105382.0,89850.0,199818.0,0.0,425.0,1022.0,74250.0,0.0
2019-01-28,103458.0,92263.0,199551.0,0.0,208.0,736.0,76246.0,0.0
2019-01-29,119641.0,115245.0,199308.0,0.0,187.0,42013.0,77117.0,0.0
2019-01-30,148076.0,175957.0,199786.0,0.0,485.0,1093.0,80089.0,0.0
2019-01-31,143714.0,173748.0,199740.0,0.0,518.0,1043.0,90492.0,0.0
2019-02-01,111661.0,108303.0,199703.0,0.0,490.0,459.0,77351.0,0.0
2019-02-02,66135.0,80211.0,199304.0,0.0,487.0,920.0,78138.0,0.0
2019-02-03,56023.0,61386.0,179227.0,0.0,459.0,852.0,79733.0,0.0
2019-02-04,59011.0,86270.0,169487.0,0.0,454.0,142.0,79659.0,0.0
2019-02-05,58697.0,79554.0,169059.0,0.0,504.0,228.0,73046.0,0.0
2019-02-06,51578.0,70343.0,168469.0,0.0,492.0,140.0,79047.0,0.0
2019-02-07,59133.0,66749.0,168317.0,0.0,510.0,344.0,69598.0,0.0
2019-02-08,52867.0,108922.0,175159.0,0.0,378.0,1127.0,71306.0,0.0
2019-02-09,66150.0,143306.0,195437.0,0.0,87.0,1075.0,86662.0,0.0
2019-02-10,39907.0,119743.0,197754.0,0.0,201.0,274.0,84221.0,0.0
2019-02-11,46019.0,105540.0,195967.0,0.0,353.0,139.0,81342.0,0.0
2019-02-12,37535.0,95854.0,196630.0,0.0,412.0,576.0,59641.0,0.0
2019-02-13,45923.0,124753.0,197530.0,0.0,434.0,1689.0,74014.0,0.0
2019-02-14,44253.0,127083.0,197537.0,0.0,515.0,687.0,74419.0,0.0
2019-02-15,46575.0,93494.0,196627.0,0.0,512.0,247.0,79405.0,0.0
2019-02-16,55691.0,120364.0,196942.0,5.0,571.0,384.0,75529.0,0.0
2019-02-17,48292.0,110115.0,196956.0,0.0,471.0,165.0,75527.0,0.0
2019-02-18,49161.0,144566.0,196681.0,0.0,409.0,959.0,71211.0,0.0
2019-02-19,57530.0,197171.0,193059.0,0.0,383.0,110.0,81813.0,0.0
2019-02-20,50020.0,171029.0,196908.0,2.0,67.0,161.0,60002.0,0.0
2019-02-21,43388.0,161334.0,196191.0,0.0,300.0,397.0,43644.0,0.0
2019-02-22,48210.0,150813.0,196120.0,0.0,521.0,149.0,55107.0,0.0
2019-02-23,48698.0,105246.0,195850.0,0.0,504.0,246.0,51547.0,0.0
2019-02-24,45449.0,88351.0,190822.0,0.0,297.0,1206.0,39292.0,0.0
2019-02-25,54865.0,142468.0,191063.0,0.0,442.0,1148.0,49806.0,0.0
2019-02-26,52516.0,131378.0,195617.0,0.0,434.0,1308.0,69572.0,0.0
2019-02-27,44792.0,98019.0,194747.0,0.0,383.0,800.0,73924.0,0.0
2019-02-28,43956.0,95050.0,194613.0,0.0,275.0,379.0,73458.0,0.0
2019-03-01,51605.0,120752.0,194241.0,0.0,515.0,320.0,71530.0,0.0
2019-03-02,68416.0,111466.0,175970.0,0.0,358.0,321.0,69778.0,0.0
2019-03-03,82276.0,104865.0,173426.0,0.0,379.0,167.0,67084.0,0.0
2019-03-04,111737.0,173065.0,173872.0,0.0,442.0,1238.0,77284.0,0.0
2019-03-05,116127.0,190522.0,174164.0,0.0,437.0,1809.0,67982.0,0.0
2019-03-06,119389.0,182456.0,174117.0,0.0,554.0,1704.0,68902.0,0.0
2019-03-07,108768.0,157496.0,173813.0,0.0,412.0,471.0,79716.0,0.0
2019-03-08,80650.0,145547.0,173460.0,0.0,342.0,164.0,68713.0,0.0
2019-03-09,69833.0,85887.0,173164.0,0.0,89.0,178.0,67168.0,0.0
2019-03-10,66065.0,64846.0,149581.0,0.0,260.0,1542.0,64811.0,0.0
2019-03-11,70301.0,114731.0,142599.0,0.0,412.0,945.0,66469.0,0.0
2019-03-12,67038.0,137820.0,142783.0,0.0,462.0,1021.0,65895.0,0.0
2019-03-13,58401.0,111907.0,142599.0,0.0,594.0,881.0,68439.0,0.0
2019-03-14,56862.0,93058.0,140565.0,0.0,291.0,1017.0,71371.0,0.0
2019-03-15,61601.0,96243.0,142904.0,0.0,465.0,1779.0,70386.0,0.0
2019-03-16,65790.0,107348.0,148061.0,0.0,456.0,2038.0,78972.0,0.0
2019-03-17,59955.0,110865.0,154974.0,0.0,482.0,2194.0,73937.0,0.0
2019-03-18,63710.0,132053.0,154989.0,0.0,515.0,1924.0,67472.0,0.0
2019-03-19,67877.0,142676.0,164150.0,0.0,453.0,2201.0,73860.0,0.0
2019-03-20,70851.0,115400.0,170850.0,0.0,471.0,1754.0,72709.0,0.0
2019-03-21,57503.0,99132.0,173100.0,0.0,518.0,1954.0,73478.0,0.0
2019-03-22,64554.0,99694.0,172813.0,0.0,437.0,2273.0,77631.0,0.0
2019-03-23,52284.0,83850.0,172871.0,0.0,403.0,2005.0,67985.0,0.0
2019-03-24,48062.0,73539.0,172728.0,0.0,532.0,990.0,72741.0,0.0
2019-03-25,52472.0,81346.0,172234.0,0.0,271.0,805.0,69664.0,0.0
2019-03-26,57205.0,97991.0,172659.0,0.0,353.0,2157.0,72965.0,0.0
2019-03-27,57904.0,101291.0,172796.0,0.0,448.0,2280.0,70803.0,0.0
2019-03-28,50952.0,88922.0,172752.0,0.0,459.0,2089.0,65381.0,0.0
2019-03-29,49291.0,89770.0,172692.0,0.0,445.0,1293.0,65454.0,0.0
2019-03-30,44188.0,73268.0,172208.0,0.0,490.0,642.0,47895.0,0.0
2019-03-31,55948.0,82074.0,172723.0,0.0,415.0,1965.0,44109.0,0.0
2019-04-01,73322.0,111058.0,173363.0,0.0,479.0,1969.0,61485.0,0.0
2019-04-02,86159.0,100753.0,171448.0,0.0,470.0,2299.0,31882.0,0.0
2019-04-03,94466.0,87572.0,170913.0,0.0,325.0,2087.0,38387.0,0.0
2019-04-04,89869.0,79957.0,171903.0,0.0,227.0,273.0,34044.0,0.0
2019-04-05,72997.0,99767.0,172004.0,0.0,336.0,938.0,34127.0,0.0
2019-04-06,64614.0,82647.0,171812.0,0.0,168.0,1980.0,22655.0,0.0
2019-04-07,64694.0,62675.0,171221.0,0.0,128.0,413.0,26867.0,0.0
2019-04-08,69549.0,72484.0,171239.0,0.0,90.0,345.0,43636.0,0.0
2019-04-09,67365.0,65129.0,171668.0,0.0,257.0,2058.0,54330.0,0.0
2019-04-10,69086.0,60215.0,173684.0,0.0,451.0,2355.0,59973.0,0.0
2019-04-11,66299.0,61362.0,181796.0,0.0,163.0,1853.0,65765.0,0.0
2019-04-12,65531.0,52749.0,187239.0,0.0,207.0,1040.0,65943.0,0.0
2019-04-13,65179.0,30602.0,165182.0,0.0,75.0,331.0,70072.0,0.0
2019-04-14,67683.0,35428.0,145023.0,0.0,152.0,677.0,68675.0,0.0
2019-04-15,72062.0,83975.0,137998.0,0.0,333.0,2368.0,68582.0,0.0
2019-04-16,72161.0,99473.0,137879.0,0.0,333.0,2373.0,68259.0,0.0
2019-04-17,71173.0,98976.0,146871.0,0.0,336.0,1299.0,55711.0,0.0
2019-04-18,65226.0,82165.0,165255.0,0.0,246.0,577.0,64192.0,0.0
2019-04-19,57418.0,74168.0,165598.0,0.0,303.0,464.0,57191.0,0.0
2019-04-20,48722.0,80503.0,166740.0,0.0,459.0,2280.0,65762.0,0.0
2019-04-21,44193.0,75295.0,166890.0,0.0,428.0,2514.0,66929.0,0.0
2019-04-22,41952.0,81114.0,169355.0,0.0,493.0,2588.0,67810.0,0.0
2019-04-23,51165.0,97970.0,168972.0,0.0,277.0,1325.0,70867.0,0.0
2019-04-24,53845.0,105807.0,169506.0,0.0,471.0,2085.0,68013.0,0.0
2019-04-25,57810.0,101769.0,169876.0,0.0,246.0,458.0,69789.0,0.0
2019-04-26,56145.0,82413.0,166229.0,0.0,403.0,2533.0,66337.0,0.0
2019-04-27,44378.0,69920.0,170506.0,0.0,381.0,1908.0,59817.0,0.0
2019-04-28,47153.0,60918.0,170323.0,0.0,300.0,2322.0,60871.0,0.0
2019-04-29,62457.0,86248.0,170245.0,0.0,182.0,2144.0,57788.0,0.0
2019-04-30,69339.0,105296.0,169779.0,0.0,148.0,1694.0,67060.0,0.0
2019-05-01,69165.0,126414.0,166074.0,0.0,233.0,1128.0,59921.0,0.0
2019-05-02,68609.0,123965.0,165758.0,0.0,319.0,1622.0,64468.0,0.0
2019-05-03,65064.0,118787.0,169296.0,0.0,215.0,1019.0,61338.0,0.0
2019-05-04,53272.0,100237.0,169407.0,0.0,129.0,557.0,55052.0,0.0
2019-05-05,45645.0,88723.0,169627.0,0.0,76.0,1533.0,50741.0,0.0
2019-05-06,51692.0,100356.0,169849.0,0.0,196.0,2359.0,54798.0,0.0
2019-05-07,60623.0,118392.0,169398.0,0.0,0.0,2165.0,60219.0,0.0
2019-05-08,58127.0,134470.0,169179.0,0.0,0.0,2168.0,60336.0,0.0
2019-05-09,60342.0,126104.0,168744.0,0.0,0.0,520.0,58115.0,0.0
2019-05-10,58506.0,104418.0,168679.0,0.0,0.0,605.0,66345.0,0.0
2019-05-11,53601.0,81413.0,168561.0,0.0,0.0,506.0,65964.0,0.0
2019-05-12,49427.0,69336.0,169180.0,0.0,0.0,1096.0,63241.0,0.0
2019-05-13,51718.0,76063.0,169703.0,0.0,0.0,1814.0,76299.0,0.0
2019-05-14,52344.0,95198.0,169898.0,0.0,0.0,2491.0,72101.0,0.0
2019-05-15,58467.0,92121.0,169789.0,0.0,0.0,1678.0,68600.0,0.0
2019-05-16,63462.0,110410.0,172131.0,0.0,0.0,2300.0,69453.0,0.0
2019-05-17,70764.0,135395.0,176411.0,0.0,0.0,2408.0,70326.0,0.0
2019-05-18,62262.0,128884.0,187503.0,0.0,243.0,2540.0,64617.0,0.0
2019-05-19,59778.0,122697.0,183475.0,0.0,149.0,1423.0,47427.0,0.0
2019-05-20,68352.0,133929.0,183572.0,0.0,305.0,2478.0,56488.0,0.0
2019-05-21,90627.0,128857.0,188334.0,0.0,59.0,2327.0,50476.0,0.0
2019-05-22,102660.0,148580.0,177060.0,0.0,84.0,1881.0,46848.0,0.0
2019-05-23,103772.0,170303.0,170205.0,0.0,75.0,2372.0,45409.0,0.0
2019-05-24,111468.0,160773.0,181301.0,0.0,216.0,2235.0,39991.0,0.0
2019-05-25,119894.0,122736.0,195210.0,0.0,470.0,2357.0,36308.0,0.0
2019-05-26,121909.0,117902.0,196421.0,0.0,261.0,2515.0,34171.0,0.0
2019-05-27,118105.0,120356.0,196406.0,0.0,67.0,2087.0,33023.0,0.0
2019-05-28,129431.0,141165.0,196027.0,0.0,442.0,2200.0,34862.0,0.0
2019-05-29,133101.0,166265.0,196022.0,0.0,462.0,2328.0,36573.0,0.0
2019-05-30,102903.0,160021.0,197101.0,0.0,417.0,1405.0,31433.0,0.0
2019-05-31,85459.0,156050.0,197473.0,0.0,406.0,2405.0,34883.0,0.0
2019-06-01,81730.0,130214.0,189952.0,0.0,499.0,2348.0,28561.0,0.0
2019-06-02,86598.0,131061.0,193812.0,0.0,526.0,2348.0,28951.0,0.0
2019-06-03,87244.0,145776.0,197147.0,0.0,507.0,2104.0,36010.0,0.0
2019-06-04,75605.0,144854.0,197636.0,0.0,442.0,1289.0,30327.0,0.0
2019-06-05,81407.0,159850.0,185114.0,0.0,487.0,1297.0,45658.0,0.0
2019-06-06,92011.0,145336.0,182650.0,0.0,521.0,409.0,42795.0,0.0
2019-06-07,75618.0,120898.0,192874.0,1.0,252.0,967.0,47535.0,0.0
2019-06-08,52109.0,112132.0,197885.0,0.0,398.0,1333.0,55947.0,0.0
2019-06-09,52557.0,118719.0,197822.0,0.0,445.0,1435.0,52219.0,0.0
2019-06-10,53940.0,143161.0,197847.0,0.0,504.0,2183.0,61180.0,0.0
2019-06-11,54101.0,134337.0,198801.0,0.0,585.0,2013.0,41626.0,0.0
2019-06-12,47346.0,115615.0,199103.0,0.0,641.0,1958.0,49922.0,0.0
2019-06-13,50762.0,105470.0,199206.0,0.0,501.0,2489.0,54719.0,0.0
2019-06-14,49109.0,98375.0,199613.0,0.0,524.0,2497.0,48119.0,0.0
2019-06-15,48646.0,103847.0,190905.0,0.0,538.0,2016.0,43913.0,0.0
2019-06-16,54606.0,138499.0,197982.0,0.0,585.0,1457.0,45471.0,0.0
2019-06-17,70046.0,162440.0,198231.0,0.0,350.0,1522.0,49222.0,0.0
2019-06-18,68012.0,148746.0,198269.0,0.0,395.0,1017.0,44281.0,0.0
2019-06-19,73438.0,149569.0,198089.0,0.0,353.0,2061.0,52022.0,0.0
2019-06-20,83109.0,136691.0,198160.0,0.0,238.0,1868.0,46663.0,0.0
2019-06-21,91894.0,131350.0,198344.0,0.0,355.0,1995.0,63563.0,0.0
2019-06-22,83702.0,123359.0,198285.0,0.0,445.0,1578.0,49736.0,0.0
2019-06-23,81075.0,109882.0,198677.0,0.0,468.0,1701.0,56795.0,0.0
2019-06-24,90590.0,127456.0,198351.0,0.0,241.0,1711.0,62576.0,0.0
2019-06-25,90665.0,133479.0,198852.0,0.0,535.0,2083.0,54587.0,0.0
2019-06-26,91037.0,161594.0,198600.0,0.0,501.0,2230.0,54426.0,0.0
2019-06-27,92225.0,159124.0,198329.0,0.0,372.0,1134.0,52126.0,0.0
2019-06-28,90199.0,137317.0,197385.0,0.0,448.0,1784.0,52504.0,0.0
2019-06-29,95586.0,107697.0,197386.0,0.0,450.0,116.0,45972.0,0.0
2019-06-30,91590.0,131285.0,198049.0,0.0,467.0,2009.0,39803.0,0.0
2019-07-01,102255.0,174187.0,197725.0,0.0,218.0,2056.0,44589.0,0.0
2019-07-02,106239.0,150637.0,197231.0,0.0,344.0,98.0,38156.0,0.0
2019-07-03,93660.0,172091.0,196878.0,0.0,446.0,1675.0,32584.0,0.0
2019-07-04,93056.0,164407.0,196771.0,0.0,496.0,2175.0,36815.0,0.0
2019-07-05,99278.0,149716.0,196697.0,0.0,434.0,2050.0,40309.0,0.0
2019-07-06,110838.0,149112.0,196229.0,0.0,459.0,1737.0,40497.0,0.0
2019-07-07,112473.0,148316.0,192577.0,0.0,302.0,1213.0,38176.0,0.0
2019-07-08,107134.0,175960.0,196605.0,0.0,342.0,1951.0,41320.0,0.0
2019-07-09,116598.0,192806.0,196317.0,0.0,372.0,1982.0,44858.0,0.0
2019-07-10,118102.0,194392.0,195983.0,0.0,468.0,1546.0,41546.0,0.0
2019-07-11,116033.0,180305.0,195711.0,0.0,252.0,1714.0,42819.0,0.0
2019-07-12,122073.0,140414.0,195778.0,0.0,220.0,124.0,36895.0,0.0
2019-07-13,123189.0,140108.0,191493.0,0.0,461.0,1747.0,42858.0,0.0
2019-07-14,128394.0,107162.0,191149.0,0.0,367.0,563.0,42824.0,0.0
2019-07-15,126725.0,116714.0,193493.0,0.0,327.0,672.0,46622.0,0.0
2019-07-16,117689.0,153946.0,196250.0,0.0,350.0,1034.0,47736.0,0.0
2019-07-17,117609.0,160794.0,196611.0,0.0,373.0,1246.0,40892.0,0.0
2019-07-18,117242.0,173813.0,196534.0,0.0,504.0,1608.0,49284.0,0.0
2019-07-19,118000.0,172881.0,196838.0,0.0,576.0,1378.0,52712.0,0.0
2019-07-20,128583.0,167905.0,196209.0,0.0,482.0,1698.0,41061.0,0.0
2019-07-21,112581.0,147456.0,196357.0,0.0,501.0,1156.0,40563.0,0.0
2019-07-22,116220.0,153706.0,196107.0,0.0,594.0,1097.0,50821.0,0.0
2019-07-23,112121.0,99235.0,196860.0,0.0,512.0,1894.0,62362.0,0.0
2019-07-24,104309.0,89049.0,197641.0,0.0,471.0,2220.0,62755.0,0.0
2019-07-25,98506.0,108636.0,197788.0,0.0,560.0,2265.0,56030.0,0.0
2019-07-26,91292.0,117873.0,197360.0,0.0,546.0,2045.0,73462.0,0.0
2019-07-27,89412.0,128430.0,197452.0,0.0,574.0,2033.0,58967.0,0.0
2019-07-28,92402.0,135273.0,197093.0,0.0,616.0,1893.0,54096.0,0.0
2019-07-29,94587.0,172205.0,196465.0,0.0,652.0,1911.0,52172.0,0.0
2019-07-30,102003.0,169294.0,196337.0,0.0,515.0,1286.0,46776.0,0.0
2019-07-31,98524.0,170885.0,196335.0,0.0,493.0,2075.0,53104.0,0.0
2019-08-01,96901.0,175065.0,195997.0,0.0,373.0,1836.0,48804.0,0.0
2019-08-02,100398.0,164884.0,196141.0,0.0,294.0,1884.0,50038.0,0.0
2019-08-03,100617.0,152605.0,196259.0,0.0,392.0,1969.0,45395.0,0.0
2019-08-04,101821.0,140931.0,196202.0,0.0,319.0,1712.0,38124.0,0.0
2019-08-05,88565.0,163536.0,196426.0,0.0,434.0,1671.0,46480.0,0.0
2019-08-06,98707.0,176585.0,196188.0,0.0,540.0,1920.0,51423.0,0.0
2019-08-07,104119.0,174561.0,195964.0,0.0,608.0,1420.0,50587.0,0.0
2019-08-08,106763.0,152491.0,195990.0,0.0,524.0,975.0,48440.0,0.0
2019-08-09,106542.0,172305.0,195702.0,0.0,476.0,1167.0,53402.0,0.0
2019-08-10,114480.0,162310.0,195254.0,0.0,383.0,1412.0,39681.0,0.0
2019-08-11,114673.0,145354.0,195268.0,0.0,577.0,1816.0,39864.0,0.0
2019-08-12,125063.0,163775.0,195221.0,0.0,613.0,2020.0,45077.0,0.0
2019-08-13,134092.0,194999.0,194554.0,0.0,558.0,2026.0,55464.0,0.0
2019-08-14,127790.0,181373.0,194910.0,0.0,593.0,1921.0,43456.0,0.0
2019-08-15,127351.0,163418.0,195055.0,0.0,600.0,2256.0,47006.0,0.0
2019-08-16,124427.0,147684.0,195313.0,0.0,585.0,2157.0,46708.0,0.0
2019-08-17,115981.0,160528.0,195079.0,0.0,579.0,2178.0,40380.0,0.0
2019-08-18,117328.0,170043.0,194516.0,0.0,535.0,1872.0,37861.0,0.0
2019-08-19,126777.0,187834.0,194232.0,0.0,507.0,1994.0,43871.0,0.0
2019-08-20,140717.0,198980.0,169867.0,0.0,527.0,1951.0,49539.0,0.0
2019-08-21,122563.0,192070.0,192649.0,0.0,476.0,1817.0,44243.0,0.0
2019-08-22,121828.0,191328.0,193130.0,0.0,434.0,1438.0,47931.0,0.0
2019-08-23,103283.0,173565.0,193833.0,0.0,288.0,1136.0,41171.0,0.0
2019-08-24,79458.0,168174.0,194603.0,0.0,302.0,1167.0,36103.0,0.0
2019-08-25,73226.0,141046.0,195327.0,0.0,350.0,827.0,32420.0,0.0
2019-08-26,82597.0,124674.0,196355.0,0.0,429.0,851.0,46596.0,0.0
2019-08-27,99224.0,152735.0,176188.0,0.0,414.0,1349.0,50298.0,0.0
2019-08-28,93985.0,181831.0,169069.0,0.0,580.0,2096.0,47396.0,0.0
2019-08-29,84839.0,163179.0,175639.0,0.0,537.0,2225.0,39380.0,0.0
2019-08-30,81954.0,147933.0,189676.0,0.0,538.0,2080.0,42632.0,0.0
2019-08-31,72395.0,153448.0,190119.0,0.0,431.0,2024.0,37563.0,0.0
2019-09-01,79742.0,158535.0,163941.0,0.0,532.0,1860.0,40394.0,0.0
2019-09-02,102732.0,152659.0,161312.0,0.0,524.0,1839.0,39122.0,0.0
2019-09-03,113030.0,163975.0,161155.0,0.0,540.0,2033.0,43551.0,0.0
2019-09-04,125258.0,164739.0,161062.0,0.0,516.0,1920.0,50023.0,0.0
2019-09-05,126562.0,180829.0,161058.0,0.0,492.0,1987.0,47978.0,0.0
2019-09-06,117449.0,149474.0,161499.0,0.0,555.0,2026.0,40285.0,0.0
2019-09-07,133737.0,150366.0,161436.0,0.0,585.0,1860.0,34925.0,0.0
2019-09-08,128803.0,123716.0,161476.0,0.0,498.0,1919.0,28884.0,0.0
2019-09-09,140202.0,140925.0,161044.0,0.0,588.0,1988.0,37519.0,0.0
2019-09-10,148462.0,148330.0,160590.0,0.0,521.0,1251.0,44356.0,0.0
2019-09-11,147620.0,157138.0,160559.0,0.0,283.0,1683.0,47952.0,0.0
2019-09-12,149564.0,159273.0,160221.0,0.0,154.0,1765.0,48361.0,0.0
2019-09-13,158114.0,168279.0,159952.0,0.0,476.0,1805.0,45694.0,0.0
2019-09-14,144488.0,149586.0,154119.0,0.0,588.0,1756.0,39067.0,0.0
2019-09-15,139842.0,129493.0,159687.0,0.0,627.0,1808.0,35697.0,0.0
2019-09-16,141769.0,153247.0,159901.0,0.0,490.0,1799.0,38628.0,0.0
2019-09-17,140432.0,165356.0,159819.0,0.0,552.0,1775.0,42882.0,0.0
2019-09-18,137039.0,162001.0,159792.0,0.0,580.0,1888.0,44469.0,0.0
2019-09-19,133985.0,152048.0,160143.0,0.0,565.0,1635.0,44575.0,0.0
2019-09-20,115733.0,152068.0,159472.0,0.0,647.0,1792.0,43576.0,0.0
2019-09-21,118682.0,147214.0,134938.0,0.0,616.0,1850.0,32996.0,0.0
2019-09-22,115265.0,143733.0,132504.0,0.0,571.0,1688.0,30625.0,0.0
2019-09-23,121177.0,158676.0,132349.0,0.0,392.0,805.0,34414.0,0.0
2019-09-24,124777.0,152576.0,132308.0,0.0,569.0,1814.0,40315.0,0.0
2019-09-25,124013.0,141446.0,132529.0,0.0,403.0,1253.0,31897.0,0.0
2019-09-26,138430.0,150404.0,132406.0,0.0,540.0,1365.0,39452.0,0.0
2019-09-27,135999.0,163269.0,132378.0,0.0,586.0,1593.0,31870.0,0.0
2019-09-28,132911.0,175246.0,129464.0,0.0,408.0,1695.0,30838.0,0.0
2019-09-29,135094.0,165146.0,131964.0,0.0,603.0,1557.0,31929.0,0.0
2019-09-30,140402.0,183442.0,131560.0,0.0,585.0,1647.0,35827.0,0.0
2019-10-01,143505.0,163075.0,131326.0,0.0,611.0,6.0,8588.0,0.0
2019-10-02,135736.0,166441.0,131160.0,0.0,349.0,1760.0,26199.0,0.0
2019-10-03,141293.0,178087.0,130860.0,0.0,457.0,1569.0,37777.0,0.0
2019-10-04,138532.0,169234.0,130807.0,0.0,487.0,1788.0,37033.0,0.0
2019-10-05,98136.0,148424.0,130913.0,0.0,619.0,1689.0,25458.0,0.0
2019-10-06,99396.0,139361.0,130590.0,0.0,311.0,785.0,26734.0,0.0
2019-10-07,99899.0,124828.0,130745.0,0.0,50.0,439.0,31513.0,0.0
2019-10-08,92638.0,109484.0,131810.0,0.0,78.0,1128.0,31617.0,0.0
2019-10-09,97277.0,87019.0,143767.0,0.0,0.0,1438.0,38687.0,0.0
2019-10-10,93685.0,108473.0,158433.0,0.0,26.0,1168.0,29482.0,0.0
2019-10-11,100609.0,111992.0,152132.0,0.0,5.0,457.0,25096.0,0.0
2019-10-12,77871.0,94119.0,128492.0,0.0,398.0,1838.0,20778.0,0.0
2019-10-13,71651.0,83214.0,133275.0,0.0,610.0,1668.0,19231.0,0.0
2019-10-14,76874.0,92896.0,144620.0,0.0,395.0,1234.0,29252.0,0.0
2019-10-15,61659.0,115035.0,144783.0,0.0,535.0,408.0,28232.0,0.0
2019-10-16,59681.0,114152.0,145276.0,0.0,560.0,1763.0,28667.0,0.0
2019-10-17,57795.0,122622.0,146019.0,0.0,580.0,1865.0,31802.0,0.0
2019-10-18,62921.0,123285.0,146190.0,0.0,565.0,1614.0,28315.0,0.0
2019-10-19,51841.0,108772.0,141507.0,0.0,532.0,912.0,26179.0,0.0
2019-10-20,50349.0,102967.0,145646.0,0.0,563.0,1279.0,23945.0,0.0
2019-10-21,53005.0,114613.0,145415.0,0.0,529.0,198.0,33118.0,0.0
2019-10-22,61584.0,104914.0,145538.0,0.0,518.0,1791.0,29449.0,0.0
2019-10-23,73248.0,88734.0,160300.0,0.0,552.0,1771.0,28189.0,0.0
2019-10-24,76891.0,83422.0,170189.0,0.0,563.0,1678.0,30825.0,0.0
2019-10-25,76272.0,76931.0,168043.0,0.0,493.0,162.0,36791.0,0.0
2019-10-26,70391.0,67219.0,167794.0,0.0,291.0,212.0,29996.0,0.0
2019-10-27,59080.0,56989.0,174002.0,0.0,0.0,231.0,29866.0,0.0
2019-10-28,61607.0,64874.0,174731.0,0.0,252.0,253.0,46023.0,0.0
2019-10-29,63408.0,76364.0,174410.0,0.0,616.0,377.0,44006.0,0.0
2019-10-30,59275.0,74596.0,174181.0,0.0,445.0,284.0,50517.0,0.0
2019-10-31,65135.0,85029.0,173117.0,0.0,451.0,436.0,45382.0,0.0
2019-11-01,71537.0,119171.0,176207.0,0.0,574.0,1505.0,64075.0,0.0
2019-11-02,72600.0,101373.0,175884.0,0.0,549.0,1435.0,61351.0,0.0
2019-11-03,69183.0,79098.0,175640.0,0.0,563.0,1483.0,58088.0,0.0
2019-11-04,64532.0,94589.0,168738.0,0.0,568.0,1133.0,57114.0,0.0
2019-11-05,68255.0,94054.0,174869.0,0.0,504.0,1154.0,53207.0,0.0
2019-11-06,69102.0,91501.0,174773.0,0.0,442.0,1141.0,49531.0,0.0
2019-11-07,66643.0,87828.0,170443.0,0.0,375.0,141.0,50248.0,0.0
2019-11-08,69189.0,142147.0,162383.0,0.0,459.0,1461.0,52022.0,0.0
2019-11-09,68430.0,160809.0,163107.0,0.0,465.0,1538.0,45212.0,0.0
2019-11-10,60207.0,107544.0,171034.0,0.0,524.0,1459.0,44900.0,0.0
2019-11-11,62796.0,91578.0,175324.0,0.0,546.0,423.0,49643.0,0.0
2019-11-12,91823.0,167948.0,176216.0,0.0,515.0,1469.0,50315.0,0.0
2019-11-13,99879.0,215158.0,176988.0,0.0,557.0,1590.0,57290.0,0.0
2019-11-14,96612.0,172965.0,176766.0,0.0,574.0,969.0,48393.0,0.0
2019-11-15,86833.0,139878.0,176433.0,0.0,462.0,1224.0,39778.0,0.0
2019-11-16,78502.0,136935.0,150190.0,0.0,434.0,1372.0,49039.0,0.0
2019-11-17,57633.0,141996.0,145505.0,0.0,487.0,997.0,44551.0,0.0
2019-11-18,56984.0,138121.0,145298.0,0.0,544.0,1147.0,48504.0,0.0
2019-11-19,55353.0,134297.0,145457.0,0.0,506.0,1356.0,50129.0,0.0
2019-11-20,48392.0,134026.0,145328.0,0.0,485.0,1244.0,53314.0,0.0
2019-11-21,40955.0,124274.0,145210.0,0.0,442.0,228.0,50322.0,0.0
2019-11-22,45905.0,117034.0,144967.0,0.0,412.0,123.0,54985.0,0.0
2019-11-23,50111.0,128355.0,138434.0,0.0,375.0,231.0,45653.0,0.0
2019-11-24,58235.0,128945.0,134336.0,0.0,493.0,1324.0,49763.0,0.0
2019-11-25,57481.0,146747.0,138320.0,0.0,431.0,1317.0,60322.0,0.0
2019-11-26,47751.0,141765.0,148676.0,0.0,448.0,281.0,68483.0,0.0
2019-11-27,40311.0,96641.0,162808.0,0.0,283.0,1038.0,60870.0,0.0
2019-11-28,29413.0,102998.0,181119.0,0.0,408.0,483.0,76230.0,0.0
2019-11-29,24167.0,73149.0,193348.0,0.0,208.0,157.0,70698.0,0.0
2019-11-30,25853.0,44393.0,198962.0,0.0,501.0,206.0,68813.0,0.0
2019-12-01,26828.0,44951.0,202472.0,0.0,299.0,998.0,52473.0,0.0
2019-12-02,39225.0,114713.0,202926.0,0.0,454.0,207.0,78457.0,0.0
2019-12-03,43351.0,150819.0,204429.0,0.0,479.0,922.0,77235.0,0.0
2019-12-04,42448.0,132635.0,204474.0,0.0,448.0,1220.0,74100.0,0.0
2019-12-05,32244.0,119528.0,204142.0,0.0,411.0,656.0,77929.0,0.0
2019-12-06,39804.0,97366.0,203881.0,0.0,350.0,230.0,66045.0,0.0
2019-12-07,29039.0,78017.0,203383.0,0.0,415.0,1040.0,78946.0,0.0
2019-12-08,26323.0,73507.0,204094.0,0.0,445.0,745.0,76899.0,0.0
2019-12-09,28496.0,64822.0,203698.0,0.0,498.0,76.0,75757.0,0.0
2019-12-10,28172.0,111228.0,203553.0,0.0,448.0,84.0,64891.0,0.0
2019-12-11,34632.0,180217.0,204580.0,0.0,221.0,1207.0,81470.0,0.0
2019-12-12,34389.0,188146.0,188534.0,0.0,370.0,1094.0,78478.0,0.0
2019-12-13,33419.0,157006.0,175264.0,0.0,409.0,131.0,77495.0,0.0
2019-12-14,58497.0,108129.0,177659.0,0.0,529.0,331.0,66387.0,0.0
2019-12-15,51291.0,83928.0,186593.0,0.0,470.0,505.0,82168.0,0.0
2019-12-16,57750.0,83193.0,186190.0,0.0,423.0,122.0,72866.0,0.0
2019-12-17,55834.0,110553.0,200344.0,0.0,342.0,137.0,69717.0,0.0
2019-12-18,73718.0,168955.0,203278.0,0.0,521.0,1082.0,79629.0,0.0
2019-12-19,70738.0,171037.0,203576.0,0.0,285.0,1218.0,77424.0,0.0
2019-12-20,65116.0,150740.0,202991.0,0.0,426.0,796.0,81378.0,0.0
2019-12-21,44765.0,119217.0,193201.0,0.0,495.0,271.0,76210.0,0.0
2019-12-22,40707.0,101096.0,190014.0,0.0,513.0,109.0,79124.0,0.0
2019-12-23,37912.0,67409.0,201959.0,0.0,515.0,800.0,79883.0,0.0
2019-12-24,23385.0,51707.0,200176.0,0.0,504.0,1094.0,84135.0,0.0
2019-12-25,17214.0,36395.0,202358.0,0.0,118.0,836.0,70442.0,0.0
2019-12-26,20184.0,41473.0,202343.0,0.0,145.0,363.0,67191.0,0.0
2019-12-27,22808.0,57351.0,202245.0,0.0,412.0,482.0,77815.0,0.0
2019-12-28,22601.0,47346.0,202063.0,0.0,439.0,415.0,68924.0,0.0
2019-12-29,19464.0,36116.0,200117.0,0.0,451.0,98.0,60695.0,0.0
2019-12-30,20292.0,49442.0,201500.0,0.0,325.0,1249.0,71291.0,0.0
2019-12-31,24074.0,90777.0,202745.0,0.0,367.0,1349.0,81375.0,0.0
2020-01-01,19064.0,101861.0,203223.0,0.0,425.0,822.0,83131.0,0.0
2020-01-02,21450.0,110593.0,203106.0,0.0,530.0,66.0,72440.0,0.0
2020-01-03,27355.0,106999.0,202497.0,0.0,364.0,124.0,55881.0,0.0
2020-01-04,27036.0,110975.0,188814.0,0.0,498.0,807.0,52794.0,0.0
2020-01-05,27330.0,143734.0,186620.0,0.0,490.0,1379.0,72920.0,0.0
2020-01-06,36360.0,140770.0,187511.0,0.0,546.0,1240.0,73091.0,0.0
2020-01-07,34068.0,121156.0,199367.0,0.0,322.0,1320.0,74574.0,0.0
2020-01-08,45292.0,126140.0,201248.0,0.0,535.0,1265.0,82285.0,0.0
2020-01-09,52364.0,100178.0,201719.0,0.0,591.0,705.0,83204.0,0.0
2020-01-10,46053.0,61693.0,201163.0,0.0,467.0,322.0,79858.0,0.0
2020-01-11,38516.0,41226.0,197748.0,0.0,280.0,98.0,71339.0,0.0
2020-01-12,38475.0,49761.0,200562.0,0.0,11.0,488.0,77649.0,0.0
2020-01-13,55239.0,74053.0,201358.0,0.0,250.0,556.0,82871.0,0.0
2020-01-14,54161.0,60587.0,200396.0,0.0,310.0,572.0,70980.0,0.0
2020-01-15,47258.0,53410.0,199495.0,0.0,588.0,176.0,74219.0,0.0
2020-01-16,47325.0,59543.0,201043.0,0.0,460.0,724.0,75455.0,0.0
2020-01-17,52826.0,107489.0,202394.0,0.0,445.0,520.0,98951.0,0.0
2020-01-18,50770.0,90214.0,202326.0,0.0,532.0,331.0,68678.0,0.0
2020-01-19,50253.0,99169.0,202413.0,0.0,518.0,1500.0,74974.0,0.0
2020-01-20,78849.0,183083.0,203372.0,0.0,484.0,466.0,97085.0,0.0
2020-01-21,90488.0,210113.0,203628.0,0.0,479.0,1406.0,74290.0,0.0
2020-01-22,93247.0,177497.0,203503.0,0.0,501.0,582.0,83620.0,0.0
2020-01-23,86351.0,136626.0,184668.0,0.0,479.0,169.0,80089.0,0.0
2020-01-24,82941.0,113882.0,173833.0,0.0,143.0,307.0,76987.0,0.0
2020-01-25,82310.0,118097.0,173754.0,0.0,61.0,611.0,77013.0,0.0
2020-01-26,92018.0,116449.0,163791.0,0.0,90.0,304.0,85923.0,0.0
2020-01-27,83679.0,100989.0,187154.0,0.0,384.0,1178.0,59031.0,0.0
2020-01-28,80498.0,125328.0,192803.0,0.0,481.0,1190.0,68372.0,0.0
2020-01-29,73427.0,125075.0,192784.0,0.0,588.0,376.0,75944.0,0.0
2020-01-30,73222.0,116700.0,192834.0,0.0,263.0,652.0,72422.0,0.0
2020-01-31,72313.0,101478.0,192715.0,0.0,504.0,272.0,72315.0,0.0
2020-02-01,56488.0,111776.0,194314.0,0.0,538.0,635.0,68185.0,0.0
2020-02-02,43354.0,101115.0,199603.0,0.0,594.0,1595.0,68755.0,0.0
2020-02-03,42303.0,78154.0,199529.0,0.0,557.0,1168.0,64778.0,0.0
2020-02-04,40514.0,57080.0,200178.0,0.0,434.0,118.0,76694.0,0.0
2020-02-05,38229.0,71884.0,199352.0,0.0,255.0,161.0,71488.0,0.0
2020-02-06,39541.0,112631.0,198635.0,0.0,123.0,187.0,63286.0,0.0
2020-02-07,38779.0,198744.0,199749.0,0.0,543.0,1041.0,58345.0,0.0
2020-02-08,40211.0,192629.0,200235.0,0.0,546.0,1652.0,63502.0,0.0
2020-02-09,28055.0,133602.0,199680.0,0.0,538.0,1262.0,79922.0,0.0
2020-02-10,32056.0,106348.0,195591.0,0.0,238.0,137.0,83528.0,0.0
2020-02-11,38832.0,123703.0,194908.0,0.0,73.0,337.0,66370.0,0.0
2020-02-12,38203.0,149880.0,194454.0,0.0,506.0,145.0,67078.0,0.0
2020-02-13,38248.0,147470.0,190542.0,0.0,56.0,314.0,46161.0,0.0
2020-02-14,48215.0,204606.0,185446.0,0.0,591.0,1791.0,66734.0,0.0
2020-02-15,61415.0,175391.0,191983.0,0.0,387.0,1440.0,71532.0,0.0
2020-02-16,36794.0,96997.0,194673.0,0.0,448.0,556.0,82723.0,0.0
2020-02-17,31648.0,99555.0,192946.0,0.0,537.0,483.0,89922.0,0.0
2020-02-18,27389.0,91269.0,198691.0,0.0,238.0,167.0,75306.0,0.0
2020-02-19,33654.0,139638.0,189367.0,0.0,291.0,1244.0,78147.0,0.0
2020-02-20,45612.0,181521.0,170899.0,0.0,398.0,462.0,72893.0,0.0
2020-02-21,55111.0,204399.0,186358.0,0.0,437.0,2006.0,78326.0,0.0
2020-02-22,49284.0,177319.0,176713.0,0.0,574.0,1621.0,79945.0,0.0
2020-02-23,37919.0,142850.0,172807.0,0.0,501.0,510.0,77648.0,0.0
2020-02-24,50637.0,135581.0,172961.0,0.0,67.0,132.0,74827.0,0.0
2020-02-25,47298.0,109047.0,172635.0,0.0,482.0,477.0,78052.0,0.0
2020-02-26,54689.0,124438.0,172995.0,0.0,602.0,366.0,71810.0,0.0
2020-02-27,74671.0,161081.0,173849.0,0.0,492.0,1905.0,86809.0,0.0
2020-02-28,72644.0,153245.0,173875.0,0.0,561.0,1460.0,80716.0,0.0
2020-02-29,63745.0,129303.0,173818.0,0.0,465.0,2039.0,79991.0,0.0
2020-03-01,61479.0,90450.0,173715.0,0.0,436.0,1315.0,89171.0,0.0
2020-03-02,57626.0,69882.0,172881.0,0.0,468.0,400.0,88741.0,0.0
2020-03-03,64800.0,60878.0,172236.0,0.0,339.0,1229.0,76341.0,0.0
2020-03-04,60494.0,65635.0,172582.0,0.0,232.0,428.0,76941.0,0.0
2020-03-05,64985.0,69002.0,172956.0,0.0,112.0,1437.0,77135.0,0.0
2020-03-06,63937.0,78839.0,173164.0,0.0,171.0,2225.0,80202.0,0.0
2020-03-07,73823.0,87647.0,173683.0,0.0,260.0,2217.0,81637.0,0.0
2020-03-08,50841.0,79139.0,173421.0,0.0,418.0,2145.0,77535.0,0.0
2020-03-09,51044.0,73901.0,172648.0,0.0,450.0,563.0,76884.0,0.0
2020-03-10,39997.0,74079.0,172134.0,0.0,468.0,964.0,85356.0,0.0
2020-03-11,41608.0,83793.0,171850.0,0.0,412.0,666.0,85129.0,0.0
2020-03-12,43724.0,74853.0,171956.0,0.0,448.0,1187.0,80726.0,0.0
2020-03-13,40320.0,68402.0,171357.0,0.0,543.0,519.0,78203.0,0.0
2020-03-14,39298.0,70992.0,172335.0,0.0,437.0,657.0,79531.0,0.0
2020-03-15,34628.0,73633.0,172114.0,0.0,456.0,449.0,83113.0,0.0
2020-03-16,49520.0,95326.0,172663.0,0.0,395.0,385.0,88885.0,0.0
2020-03-17,45523.0,92820.0,171949.0,0.0,456.0,892.0,78872.0,0.0
2020-03-18,44936.0,82985.0,171277.0,0.0,462.0,541.0,72824.0,0.0
2020-03-19,42078.0,79202.0,169783.0,0.0,515.0,652.0,68901.0,0.0
2020-03-20,32420.0,73402.0,169247.0,0.0,420.0,176.0,79874.0,0.0
2020-03-21,33337.0,66979.0,170000.0,0.0,258.0,788.0,75180.0,0.0
2020-03-22,46891.0,74538.0,170623.0,0.0,406.0,722.0,68942.0,0.0
2020-03-23,40578.0,75435.0,169393.0,0.0,232.0,873.0,75810.0,0.0
2020-03-24,44957.0,79764.0,168748.0,0.0,28.0,428.0,69920.0,0.0
2020-03-25,42914.0,75900.0,167864.0,0.0,65.0,995.0,65313.0,0.0
2020-03-26,38317.0,78011.0,167497.0,0.0,3.0,2192.0,73917.0,0.0
2020-03-27,37184.0,77931.0,168807.0,0.0,137.0,1394.0,76535.0,0.0
2020-03-28,36072.0,80410.0,145179.0,0.0,255.0,960.0,81076.0,0.0
2020-03-29,28570.0,57048.0,151380.0,0.0,403.0,1817.0,83977.0,0.0
2020-03-30,24665.0,56697.0,178660.0,0.0,425.0,566.0,67679.0,0.0
2020-03-31,20501.0,57736.0,193644.0,0.0,392.0,883.0,83198.0,0.0
2020-04-01,24345.0,69788.0,190738.0,0.0,362.0,1825.0,87030.0,0.0
2020-04-02,23442.0,78313.0,167500.0,0.0,380.0,1955.0,85325.0,0.0
2020-04-03,21243.0,65418.0,166965.0,0.0,373.0,1539.0,86159.0,0.0
2020-04-04,22657.0,42732.0,166199.0,0.0,417.0,1446.0,82760.0,0.0
2020-04-05,23788.0,43738.0,165704.0,0.0,417.0,2305.0,81723.0,0.0
2020-04-06,25844.0,73960.0,166484.0,0.0,73.0,1772.0,71478.0,0.0
2020-04-07,26895.0,75032.0,177644.0,0.0,112.0,682.0,65706.0,0.0
2020-04-08,22708.0,72198.0,193262.0,0.0,59.0,1278.0,68075.0,0.0
2020-04-09,21442.0,61088.0,188297.0,0.0,171.0,2164.0,57316.0,0.0
2020-04-10,18167.0,38262.0,196578.0,0.0,476.0,2567.0,71797.0,0.0
2020-04-11,18122.0,52278.0,177609.0,0.0,490.0,2167.0,74997.0,0.0
2020-04-12,22963.0,44997.0,174730.0,0.0,260.0,244.0,56824.0,0.0
2020-04-13,12915.0,59585.0,174539.0,0.0,286.0,1105.0,65590.0,0.0
2020-04-14,6489.0,105150.0,175668.0,0.0,467.0,1798.0,61623.0,0.0
2020-04-15,6467.0,110964.0,175932.0,0.0,305.0,2380.0,74308.0,0.0
2020-04-16,4241.0,98309.0,175644.0,0.0,457.0,2370.0,84437.0,0.0
2020-04-17,5103.0,69930.0,175112.0,0.0,467.0,2125.0,89939.0,0.0
2020-04-18,6588.0,56501.0,174969.0,0.0,191.0,1784.0,74836.0,0.0
2020-04-19,6603.0,54057.0,175386.0,0.0,78.0,499.0,89571.0,0.0
2020-04-20,6653.0,57790.0,175081.0,0.0,305.0,2192.0,90945.0,0.0
2020-04-21,5297.0,60232.0,174905.0,0.0,465.0,2400.0,85369.0,0.0
2020-04-22,3324.0,64713.0,174796.0,0.0,451.0,738.0,84435.0,0.0
2020-04-23,3843.0,66424.0,172238.0,0.0,210.0,586.0,89347.0,0.0
2020-04-24,5979.0,59984.0,170243.0,0.0,453.0,1823.0,91731.0,0.0
2020-04-25,6017.0,53905.0,164913.0,0.0,401.0,691.0,82178.0,0.0
2020-04-26,6067.0,58267.0,166802.0,0.0,448.0,1777.0,79122.0,0.0
2020-04-27,6094.0,72266.0,175542.0,0.0,428.0,2205.0,83429.0,0.0
2020-04-28,6160.0,73857.0,175340.0,0.0,440.0,1511.0,68291.0,0.0
2020-04-29,6606.0,57644.0,174547.0,0.0,235.0,1268.0,82015.0,0.0
2020-04-30,6600.0,58895.0,175396.0,0.0,160.0,2240.0,81620.0,0.0
2020-05-01,6585.0,71342.0,175028.0,0.0,425.0,2585.0,80279.0,0.0
2020-05-02,6617.0,75976.0,174352.0,0.0,423.0,2347.0,68181.0,0.0
2020-05-03,7264.0,81666.0,173741.0,0.0,386.0,1612.0,74671.0,0.0
2020-05-04,9093.0,96131.0,173856.0,0.0,353.0,1033.0,71599.0,0.0
2020-05-05,9074.0,100903.0,166465.0,0.0,378.0,1088.0,69977.0,0.0
2020-05-06,7251.0,74952.0,181014.0,0.0,412.0,1890.0,65072.0,0.0
2020-05-07,6617.0,63409.0,194218.0,0.0,366.0,2502.0,76882.0,0.0
2020-05-08,6637.0,58325.0,199380.0,0.0,185.0,694.0,67418.0,0.0
2020-05-09,6645.0,86473.0,164253.0,0.0,258.0,2662.0,73862.0,0.0
2020-05-10,6677.0,102008.0,145402.0,0.0,299.0,2397.0,59773.0,0.0
2020-05-11,8002.0,121565.0,142405.0,0.0,328.0,2101.0,51390.0,0.0
2020-05-12,9041.0,126873.0,140748.0,0.0,323.0,614.0,59553.0,0.0
2020-05-13,8627.0,140490.0,117657.0,0.0,0.0,1508.0,56817.0,0.0
2020-05-14,11847.0,151964.0,117110.0,0.0,0.0,1855.0,55895.0,0.0
2020-05-15,35111.0,152835.0,117211.0,0.0,198.0,1635.0,52577.0,0.0
2020-05-16,41298.0,152871.0,117697.0,0.0,210.0,1474.0,47957.0,0.0
2020-05-17,44969.0,135404.0,137647.0,0.0,261.0,1215.0,39554.0,0.0
2020-05-18,43676.0,128577.0,145449.0,0.0,260.0,1416.0,55232.0,0.0
2020-05-19,37067.0,118517.0,121614.0,0.0,504.0,1101.0,66965.0,0.0
2020-05-20,43377.0,105836.0,113547.0,0.0,527.0,1675.0,73990.0,0.0
2020-05-21,42036.0,104389.0,115286.0,0.0,464.0,1677.0,85793.0,0.0
2020-05-22,45344.0,116644.0,115164.0,0.0,269.0,1448.0,78402.0,0.0
2020-05-23,42374.0,117323.0,117851.0,0.0,224.0,2009.0,79269.0,0.0
2020-05-24,43822.0,132010.0,131225.0,0.0,359.0,1847.0,78879.0,0.0
2020-05-25,60799.0,118546.0,139773.0,0.0,420.0,2208.0,77232.0,0.0
2020-05-26,72021.0,110723.0,137730.0,0.0,467.0,975.0,81418.0,0.0
2020-05-27,69029.0,104748.0,138035.0,0.0,213.0,1219.0,81908.0,0.0
2020-05-28,59032.0,115733.0,138061.0,0.0,288.0,1460.0,84373.0,0.0
2020-05-29,55246.0,128423.0,137905.0,0.0,322.0,1734.0,82686.0,0.0
2020-05-30,63976.0,107270.0,137539.0,0.0,474.0,2426.0,74054.0,0.0
2020-05-31,63141.0,93513.0,137145.0,0.0,478.0,2591.0,62873.0,0.0
2020-06-01,65827.0,102494.0,136861.0,0.0,468.0,2464.0,69503.0,0.0
2020-06-02,70655.0,128054.0,146830.0,0.0,484.0,2339.0,69655.0,0.0
2020-06-03,88644.0,144714.0,162872.0,0.0,367.0,1699.0,65628.0,0.0
2020-06-04,93409.0,133494.0,164096.0,0.0,398.0,1176.0,66488.0,0.0
2020-06-05,85053.0,147421.0,167734.0,0.0,450.0,1298.0,58166.0,0.0
2020-06-06,84523.0,143380.0,153107.0,0.0,429.0,2224.0,57558.0,0.0
2020-06-07,84052.0,151444.0,158137.0,0.0,512.0,2388.0,61720.0,0.0
2020-06-08,87986.0,154667.0,164658.0,0.0,501.0,645.0,63244.0,0.0
2020-06-09,84112.0,162130.0,168685.0,0.0,440.0,1113.0,54416.0,0.0
2020-06-10,74997.0,174847.0,168764.0,0.0,501.0,1994.0,58421.0,0.0
2020-06-11,58101.0,152096.0,170207.0,0.0,549.0,2528.0,43518.0,0.0
2020-06-12,54317.0,131409.0,186244.0,0.0,512.0,2627.0,43350.0,0.0
2020-06-13,55029.0,118843.0,191734.0,0.0,519.0,2289.0,41352.0,0.0
2020-06-14,54019.0,105123.0,192262.0,0.0,515.0,2417.0,43322.0,0.0
2020-06-15,48555.0,109352.0,198431.0,0.0,490.0,2363.0,46389.0,0.0
2020-06-16,53639.0,106772.0,199618.0,0.0,543.0,2090.0,42460.0,0.0
2020-06-17,59235.0,110638.0,199665.0,0.0,538.0,2162.0,41620.0,0.0
2020-06-18,69239.0,109850.0,199406.0,0.0,557.0,2097.0,42574.0,0.0
2020-06-19,78357.0,125909.0,198952.0,0.0,325.0,2306.0,44819.0,0.0
2020-06-20,83106.0,132753.0,193142.0,0.0,204.0,2292.0,37456.0,0.0
2020-06-21,71737.0,131312.0,197013.0,0.0,496.0,1721.0,32406.0,0.0
2020-06-22,73953.0,127779.0,198084.0,0.0,285.0,1246.0,45941.0,0.0
2020-06-23,82980.0,132946.0,197806.0,0.0,389.0,1273.0,44797.0,0.0
2020-06-24,80419.0,123477.0,198095.0,0.0,367.0,1127.0,39288.0,0.0
2020-06-25,82247.0,130770.0,198082.0,0.0,300.0,1970.0,42413.0,0.0
2020-06-26,77702.0,118364.0,198053.0,0.0,294.0,787.0,51074.0,0.0
2020-06-27,67822.0,114342.0,198420.0,0.0,487.0,1186.0,40404.0,0.0
2020-06-28,75514.0,133016.0,197988.0,0.0,395.0,1868.0,44737.0,0.0
2020-06-29,74513.0,153569.0,197626.0,0.0,117.0,1522.0,49708.0,0.0
2020-06-30,67857.0,148346.0,197546.0,0.0,356.0,1577.0,48863.0,0.0
2020-07-01,62894.0,123013.0,197574.0,0.0,257.0,987.0,64508.0,0.0
2020-07-02,67464.0,144141.0,187534.0,0.0,194.0,1797.0,69182.0,0.0
2020-07-03,77549.0,148684.0,193711.0,0.0,316.0,2088.0,61915.0,0.0
2020-07-04,76131.0,153039.0,197037.0,0.0,286.0,2126.0,46632.0,0.0
2020-07-05,75875.0,152747.0,196062.0,0.0,316.0,1721.0,40482.0,0.0
2020-07-06,76000.0,162784.0,197028.0,0.0,330.0,1796.0,46253.0,0.0
2020-07-07,87550.0,180841.0,196635.0,0.0,457.0,2012.0,47408.0,0.0
2020-07-08,89047.0,183515.0,196041.0,0.0,358.0,1908.0,45313.0,0.0
2020-07-09,91491.0,185265.0,195925.0,0.0,210.0,1920.0,40900.0,0.0
2020-07-10,100975.0,187832.0,195599.0,0.0,305.0,2148.0,46830.0,0.0
2020-07-11,106282.0,161538.0,195852.0,0.0,457.0,2433.0,37661.0,0.0
2020-07-12,91525.0,136223.0,195966.0,0.0,468.0,1597.0,37775.0,0.0
2020-07-13,99572.0,137659.0,196005.0,0.0,445.0,2186.0,52890.0,0.0
2020-07-14,114769.0,155080.0,196003.0,0.0,168.0,2188.0,47111.0,0.0
2020-07-15,115823.0,162801.0,195691.0,0.0,462.0,2162.0,50059.0,0.0
2020-07-16,125015.0,183433.0,194864.0,0.0,400.0,1803.0,50222.0,0.0
2020-07-17,119948.0,186785.0,194872.0,0.0,462.0,1826.0,47598.0,0.0
2020-07-18,113284.0,179902.0,193780.0,0.0,230.0,1919.0,45197.0,0.0
2020-07-19,111968.0,179863.0,194181.0,0.0,543.0,1923.0,41830.0,0.0
2020-07-20,113946.0,191210.0,182571.0,0.0,512.0,1896.0,44744.0,0.0
2020-07-21,117781.0,210285.0,132579.0,0.0,390.0,1670.0,50498.0,0.0
2020-07-22,120352.0,194382.0,127867.0,0.0,526.0,1327.0,45860.0,0.0
2020-07-23,123392.0,177055.0,133204.0,0.0,442.0,1414.0,50208.0,0.0
2020-07-24,122725.0,179665.0,133606.0,0.0,527.0,1906.0,53432.0,0.0
2020-07-25,118967.0,188640.0,133709.0,0.0,588.0,1978.0,44788.0,0.0
2020-07-26,115453.0,191799.0,133483.0,0.0,510.0,1908.0,40500.0,0.0
2020-07-27,118127.0,198392.0,132997.0,0.0,523.0,1959.0,49791.0,0.0
2020-07-28,117290.0,202039.0,132835.0,0.0,566.0,1477.0,50745.0,0.0
2020-07-29,125646.0,194579.0,137244.0,0.0,549.0,1325.0,46085.0,0.0
2020-07-30,132952.0,180681.0,157686.0,0.0,436.0,1286.0,48187.0,0.0
2020-07-31,139148.0,163282.0,173628.0,0.0,482.0,1441.0,50020.0,0.0
2020-08-01,128777.0,121164.0,175042.0,0.0,493.0,654.0,38801.0,0.0
2020-08-02,110548.0,101694.0,181257.0,0.0,621.0,1695.0,42793.0,0.0
2020-08-03,108692.0,118536.0,194502.0,0.0,395.0,1825.0,51310.0,0.0
2020-08-04,104847.0,126654.0,195078.0,0.0,409.0,1317.0,50487.0,0.0
2020-08-05,104803.0,121139.0,195134.0,0.0,535.0,1885.0,49091.0,0.0
2020-08-06,105258.0,130857.0,195111.0,0.0,493.0,2005.0,46865.0,0.0
2020-08-07,108638.0,130443.0,194925.0,0.0,585.0,1989.0,48217.0,0.0
2020-08-08,111343.0,131235.0,193945.0,0.0,610.0,1935.0,43392.0,0.0
2020-08-09,112142.0,144871.0,194653.0,0.0,627.0,1686.0,39775.0,0.0
2020-08-10,108127.0,169049.0,194388.0,0.0,544.0,1815.0,52596.0,0.0
2020-08-11,114271.0,172255.0,193948.0,0.0,403.0,1649.0,44505.0,0.0
2020-08-12,111172.0,163459.0,193519.0,0.0,285.0,1278.0,46567.0,0.0
2020-08-13,109406.0,155730.0,193640.0,0.0,401.0,1204.0,54299.0,0.0
2020-08-14,108678.0,150217.0,194121.0,0.0,540.0,1175.0,47719.0,0.0
2020-08-15,101115.0,131432.0,194252.0,0.0,513.0,1760.0,48738.0,0.0
2020-08-16,97585.0,130379.0,194327.0,0.0,515.0,1434.0,46892.0,0.0
2020-08-17,98734.0,142156.0,194592.0,0.0,512.0,2030.0,44070.0,0.0
2020-08-18,97631.0,154845.0,194883.0,0.0,608.0,1673.0,43555.0,0.0
2020-08-19,91640.0,137823.0,194836.0,0.0,622.0,865.0,45462.0,0.0
2020-08-20,86330.0,135153.0,194679.0,0.0,534.0,1677.0,54428.0,0.0
2020-08-21,90312.0,126842.0,194557.0,0.0,443.0,628.0,45784.0,0.0
2020-08-22,78952.0,117353.0,194613.0,0.0,515.0,1230.0,42896.0,0.0
2020-08-23,79985.0,124564.0,194471.0,0.0,610.0,1694.0,45542.0,0.0
2020-08-24,95070.0,154818.0,193981.0,0.0,583.0,1720.0,47307.0,0.0
2020-08-25,111151.0,157058.0,193665.0,0.0,627.0,1315.0,49436.0,0.0
2020-08-26,109132.0,143573.0,194223.0,0.0,549.0,993.0,43625.0,0.0
2020-08-27,110844.0,146132.0,193790.0,0.0,504.0,807.0,48310.0,0.0
2020-08-28,98033.0,147780.0,194048.0,0.0,529.0,549.0,47047.0,0.0
2020-08-29,86245.0,136617.0,194155.0,0.0,608.0,1072.0,46825.0,0.0
2020-08-30,87150.0,131410.0,194440.0,0.0,495.0,1040.0,49598.0,0.0
2020-08-31,95569.0,130869.0,195177.0,0.0,557.0,873.0,49768.0,0.0
2020-09-01,103231.0,134359.0,194963.0,0.0,628.0,1024.0,51645.0,0.0
2020-09-02,109257.0,145064.0,194363.0,0.0,602.0,1004.0,53705.0,0.0
2020-09-03,117983.0,141513.0,194219.0,0.0,604.0,1177.0,52121.0,0.0
2020-09-04,116801.0,127371.0,194255.0,0.0,600.0,1234.0,54100.0,0.0
2020-09-05,98884.0,97553.0,180842.0,0.0,532.0,1715.0,39202.0,0.0
2020-09-06,97241.0,79189.0,176163.0,0.0,563.0,1887.0,49043.0,0.0
2020-09-07,94766.0,82805.0,189664.0,0.0,557.0,1920.0,45665.0,0.0
2020-09-08,98297.0,117316.0,187984.0,0.0,470.0,1709.0,52516.0,0.0
2020-09-09,107173.0,136171.0,175489.0,0.0,669.0,1717.0,46294.0,0.0
2020-09-10,113096.0,146719.0,166386.0,0.0,535.0,1567.0,46014.0,0.0
2020-09-11,121281.0,142635.0,166698.0,0.0,535.0,1598.0,51810.0,0.0
2020-09-12,96798.0,142161.0,183868.0,0.0,571.0,666.0,41772.0,0.0
2020-09-13,83676.0,115245.0,192306.0,0.0,501.0,521.0,43346.0,0.0
2020-09-14,88105.0,118257.0,193606.0,0.0,572.0,1402.0,54553.0,0.0
2020-09-15,83195.0,115759.0,193967.0,0.0,504.0,1357.0,53927.0,0.0
2020-09-16,77956.0,109141.0,193825.0,0.0,652.0,961.0,55358.0,0.0
2020-09-17,76720.0,115535.0,193756.0,0.0,543.0,1663.0,57969.0,0.0
2020-09-18,75793.0,95374.0,194136.0,0.0,415.0,1495.0,43940.0,0.0
2020-09-19,49032.0,69875.0,194637.0,0.0,571.0,1389.0,42559.0,0.0
2020-09-20,45101.0,69257.0,194764.0,0.0,579.0,1783.0,41740.0,0.0
2020-09-21,42497.0,87762.0,195231.0,0.0,532.0,1990.0,46105.0,0.0
2020-09-22,40733.0,92301.0,195473.0,0.0,538.0,937.0,48290.0,0.0
2020-09-23,39779.0,84857.0,195050.0,0.0,552.0,287.0,55267.0,0.0
2020-09-24,40531.0,88672.0,183463.0,0.0,596.0,317.0,57877.0,0.0
2020-09-25,43675.0,97428.0,179020.0,0.0,484.0,354.0,56153.0,0.0
2020-09-26,38584.0,83575.0,190742.0,0.0,518.0,606.0,54152.0,0.0
2020-09-27,40139.0,83486.0,195099.0,0.0,409.0,1524.0,53843.0,0.0
2020-09-28,45593.0,98581.0,194586.0,0.0,277.0,686.0,61981.0,0.0
2020-09-29,48594.0,73988.0,195701.0,0.0,664.0,1560.0,50268.0,0.0
2020-09-30,44913.0,61302.0,196044.0,0.0,538.0,1990.0,55312.0,0.0
2020-10-01,48800.0,53346.0,195778.0,0.0,571.0,2006.0,63249.0,0.0
2020-10-02,39151.0,68139.0,192961.0,0.0,551.0,1883.0,58055.0,0.0
2020-10-03,34435.0,78209.0,173406.0,0.0,166.0,1877.0,52836.0,0.0
2020-10-04,30453.0,73826.0,171288.0,0.0,25.0,1465.0,50986.0,0.0
2020-10-05,32529.0,89848.0,171492.0,0.0,0.0,1952.0,62042.0,0.0
2020-10-06,34474.0,104337.0,171373.0,0.0,0.0,1856.0,56703.0,0.0
2020-10-07,42763.0,97958.0,171059.0,0.0,0.0,1664.0,61434.0,0.0
2020-10-08,45167.0,106805.0,170854.0,0.0,0.0,883.0,58807.0,0.0
2020-10-09,44881.0,100103.0,170525.0,0.0,0.0,242.0,63502.0,0.0
2020-10-10,41623.0,91514.0,170757.0,0.0,0.0,225.0,51416.0,0.0
2020-10-11,38619.0,90677.0,170671.0,0.0,0.0,514.0,50864.0,0.0
2020-10-12,42968.0,104893.0,170471.0,0.0,0.0,915.0,63129.0,0.0
2020-10-13,46507.0,98623.0,171056.0,0.0,0.0,1845.0,58156.0,0.0
2020-10-14,42049.0,86809.0,171513.0,0.0,0.0,1816.0,61700.0,0.0
2020-10-15,44380.0,89885.0,170963.0,0.0,0.0,954.0,62044.0,0.0
2020-10-16,41721.0,92407.0,171623.0,0.0,115.0,1809.0,56020.0,0.0
2020-10-17,32426.0,91306.0,172466.0,0.0,686.0,1802.0,56548.0,0.0
2020-10-18,29730.0,82834.0,172222.0,0.0,820.0,1272.0,53418.0,0.0
2020-10-19,41146.0,90816.0,171502.0,0.0,636.0,986.0,62355.0,0.0
2020-10-20,48264.0,109132.0,171109.0,0.0,319.0,1284.0,57585.0,0.0
2020-10-21,48445.0,112948.0,170906.0,0.0,241.0,1395.0,60011.0,0.0
2020-10-22,48819.0,107627.0,170330.0,0.0,224.0,1403.0,59962.0,0.0
2020-10-23,48198.0,111807.0,167337.0,0.0,218.0,890.0,58969.0,0.0
2020-10-24,48414.0,107456.0,143154.0,0.0,112.0,202.0,54626.0,0.0
2020-10-25,42960.0,98298.0,143024.0,0.0,451.0,373.0,47063.0,0.0
2020-10-26,39898.0,114351.0,143018.0,0.0,549.0,384.0,58843.0,0.0
2020-10-27,46590.0,125532.0,129874.0,0.0,308.0,333.0,64290.0,0.0
2020-10-28,42794.0,145409.0,115026.0,0.0,8.0,93.0,59577.0,0.0
2020-10-29,42103.0,145565.0,114883.0,0.0,118.0,466.0,52452.0,0.0
2020-10-30,46264.0,128529.0,132249.0,0.0,490.0,1386.0,58248.0,0.0
2020-10-31,42794.0,113730.0,143497.0,0.0,423.0,0.0,59197.0,0.0
2020-11-01,30517.0,97918.0,143547.0,0.0,590.0,1602.0,53153.0,0.0
2020-11-02,42951.0,126246.0,138817.0,0.0,590.0,1591.0,71351.0,0.0
2020-11-03,46136.0,145583.0,144304.0,0.0,632.0,1514.0,75407.0,0.0
2020-11-04,44524.0,127170.0,144087.0,0.0,580.0,1439.0,70816.0,0.0
2020-11-05,39549.0,129451.0,143940.0,0.0,495.0,964.0,63158.0,0.0
2020-11-06,35174.0,123393.0,143535.0,0.0,292.0,1413.0,65942.0,0.0
2020-11-07,32648.0,104184.0,143795.0,0.0,428.0,1144.0,66019.0,0.0
2020-11-08,28083.0,86159.0,156139.0,0.0,457.0,1149.0,61691.0,0.0
2020-11-09,28888.0,98628.0,166442.0,0.0,565.0,662.0,68424.0,0.0
2020-11-10,21985.0,115785.0,168639.0,0.0,602.0,302.0,64415.0,0.0
2020-11-11,9129.0,131536.0,168674.0,0.0,717.0,634.0,62240.0,0.0
2020-11-12,6600.0,126426.0,169164.0,0.0,580.0,1411.0,65397.0,0.0
2020-11-13,3433.0,130054.0,169455.0,0.0,607.0,1403.0,66682.0,0.0
2020-11-14,9218.0,104461.0,164203.0,0.0,364.0,901.0,79268.0,0.0
2020-11-15,10725.0,83183.0,169134.0,0.0,552.0,1384.0,55217.0,0.0
2020-11-16,16010.0,114462.0,169567.0,0.0,465.0,1367.0,80578.0,0.0
2020-11-17,20288.0,130570.0,169392.0,0.0,515.0,1422.0,71898.0,0.0
2020-11-18,20789.0,146033.0,169727.0,0.0,591.0,1398.0,70473.0,0.0
2020-11-19,18797.0,138094.0,169639.0,0.0,587.0,1388.0,79713.0,0.0
2020-11-20,20358.0,124725.0,174748.0,0.0,538.0,941.0,70784.0,0.0
2020-11-21,12063.0,99396.0,181951.0,0.0,378.0,845.0,71797.0,0.0
2020-11-22,10994.0,83712.0,189669.0,0.0,443.0,181.0,63810.0,0.0
2020-11-23,16091.0,107306.0,195705.0,0.0,470.0,1351.0,70627.0,0.0
2020-11-24,18458.0,126571.0,196665.0,0.0,521.0,1164.0,73908.0,0.0
2020-11-25,12921.0,97325.0,196480.0,0.0,467.0,503.0,80296.0,0.0
2020-11-26,12752.0,70764.0,195881.0,0.0,373.0,1165.0,73045.0,0.0
2020-11-27,11254.0,74455.0,196415.0,0.0,495.0,539.0,68213.0,0.0
2020-11-28,8850.0,83400.0,196344.0,0.0,502.0,1039.0,58177.0,0.0
2020-11-29,11130.0,104809.0,196708.0,0.0,596.0,153.0,71940.0,0.0
2020-11-30,18367.0,147928.0,196940.0,0.0,526.0,311.0,64868.0,0.0
2020-12-01,44593.0,199489.0,197616.0,0.0,163.0,1269.0,65591.0,0.0
2020-12-02,58481.0,195122.0,197678.0,0.0,462.0,1109.0,67097.0,0.0
2020-12-03,64945.0,150917.0,197401.0,0.0,333.0,213.0,76605.0,0.0
2020-12-04,56931.0,120854.0,197056.0,0.0,490.0,267.0,64729.0,0.0
2020-12-05,56991.0,126663.0,197137.0,0.0,507.0,1111.0,64718.0,0.0
2020-12-06,49098.0,129793.0,195812.0,0.0,467.0,914.0,63255.0,0.0
2020-12-07,42238.0,160051.0,188832.0,0.0,457.0,712.0,68197.0,0.0
2020-12-08,37063.0,196350.0,189361.0,0.0,422.0,1073.0,68790.0,0.0
2020-12-09,56206.0,171404.0,189066.0,0.0,84.0,1179.0,64853.0,0.0
2020-12-10,60373.0,132914.0,185467.0,0.0,359.0,1186.0,59615.0,0.0
2020-12-11,53333.0,117040.0,185517.0,0.0,537.0,571.0,61523.0,0.0
2020-12-12,46784.0,68905.0,199044.0,0.0,566.0,872.0,54171.0,0.0
2020-12-13,43692.0,79040.0,200033.0,0.0,585.0,635.0,60443.0,0.0
2020-12-14,50250.0,122641.0,201862.0,0.0,291.0,233.0,73941.0,0.0
2020-12-15,58372.0,162332.0,201197.0,0.0,93.0,338.0,86532.0,0.0
2020-12-16,50574.0,157055.0,202078.0,0.0,291.0,154.0,75736.0,0.0
2020-12-17,66144.0,180805.0,202355.0,0.0,339.0,1184.0,78792.0,0.0
2020-12-18,66713.0,184639.0,202531.0,0.0,596.0,1075.0,89586.0,0.0
2020-12-19,66752.0,158417.0,202450.0,0.0,364.0,212.0,76725.0,0.0
2020-12-20,46914.0,121059.0,202142.0,0.0,361.0,221.0,62412.0,0.0
2020-12-21,42998.0,116967.0,202054.0,0.0,558.0,1059.0,78546.0,0.0
2020-12-22,48724.0,117560.0,201883.0,0.0,616.0,1248.0,76124.0,0.0
2020-12-23,46155.0,110667.0,202043.0,0.0,554.0,312.0,87990.0,0.0
2020-12-24,48949.0,92427.0,201808.0,0.0,384.0,920.0,70907.0,0.0
2020-12-25,59838.0,166650.0,202722.0,0.0,439.0,1329.0,86755.0,0.0
2020-12-26,65599.0,181697.0,202623.0,0.0,457.0,1228.0,81442.0,0.0
2020-12-27,51899.0,139803.0,202299.0,0.0,490.0,1183.0,68154.0,0.0
2020-12-28,38605.0,98703.0,200792.0,0.0,554.0,782.0,83286.0,0.0
2020-12-29,50562.0,126258.0,202053.0,0.0,627.0,664.0,90998.0,0.0
2020-12-30,35243.0,99362.0,201812.0,0.0,627.0,520.0,80346.0,0.0
2020-12-31,36125.0,85079.0,201402.0,0.0,639.0,130.0,86000.0,0.0
2021-01-01,34003.0,73496.0,201210.0,0.0,445.0,697.0,67951.0,0.0
2021-01-02,39162.0,69008.0,201084.0,0.0,356.0,300.0,68103.0,0.0
2021-01-03,42007.0,97351.0,201712.0,0.0,431.0,1256.0,69765.0,0.0
2021-01-04,40970.0,151074.0,202067.0,0.0,400.0,842.0,75742.0,0.0
2021-01-05,35959.0,152806.0,201791.0,0.0,527.0,1179.0,57336.0,0.0
2021-01-06,37975.0,177670.0,202157.0,0.0,571.0,882.0,79232.0,0.0
2021-01-07,41127.0,178931.0,202192.0,0.0,529.0,123.0,77826.0,0.0
2021-01-08,53104.0,190556.0,202208.0,0.0,563.0,225.0,61990.0,0.0
2021-01-09,60120.0,195759.0,202410.0,0.0,574.0,137.0,62171.0,0.0
2021-01-10,57944.0,190914.0,202334.0,0.0,571.0,393.0,55114.0,0.0
2021-01-11,60452.0,193836.0,202010.0,0.0,540.0,157.0,75236.0,0.0
2021-01-12,60203.0,198966.0,201812.0,0.0,524.0,1059.0,57121.0,0.0
2021-01-13,60985.0,208539.0,187274.0,0.0,537.0,1335.0,68025.0,0.0
2021-01-14,58590.0,178315.0,182008.0,0.0,457.0,1204.0,58487.0,0.0
2021-01-15,63134.0,146503.0,188878.0,0.0,585.0,923.0,59545.0,0.0
2021-01-16,73351.0,158650.0,200189.0,0.0,585.0,478.0,56637.0,0.0
2021-01-17,71982.0,136897.0,201263.0,0.0,599.0,1241.0,46923.0,0.0
2021-01-18,74647.0,140141.0,202165.0,0.0,474.0,1247.0,56921.0,0.0
2021-01-19,78214.0,140398.0,201996.0,0.0,607.0,606.0,58658.0,0.0
2021-01-20,73915.0,139601.0,201729.0,0.0,496.0,661.0,44644.0,0.0
2021-01-21,72544.0,134938.0,201484.0,0.0,571.0,320.0,50595.0,0.0
2021-01-22,75284.0,135765.0,201406.0,0.0,512.0,1105.0,44916.0,0.0
2021-01-23,77971.0,144659.0,201432.0,0.0,490.0,1259.0,45695.0,0.0
2021-01-24,61161.0,134952.0,201202.0,0.0,476.0,193.0,43430.0,0.0
2021-01-25,62280.0,110052.0,200635.0,0.0,381.0,290.0,42563.0,0.0
2021-01-26,50432.0,92773.0,199406.0,0.0,319.0,1245.0,43100.0,0.0
2021-01-27,54386.0,109243.0,199881.0,0.0,14.0,504.0,63069.0,0.0
2021-01-28,65112.0,167463.0,200409.0,0.0,3.0,1301.0,71115.0,0.0
2021-01-29,66205.0,180892.0,200529.0,0.0,76.0,1397.0,79325.0,0.0
2021-01-30,62730.0,147038.0,200587.0,0.0,25.0,294.0,70728.0,0.0
2021-01-31,50147.0,101286.0,200835.0,0.0,8.0,288.0,63638.0,0.0
2021-02-01,60330.0,158952.0,200897.0,0.0,0.0,208.0,75415.0,0.0
2021-02-02,63772.0,209448.0,201135.0,0.0,3.0,1499.0,58596.0,0.0
2021-02-03,61361.0,194561.0,200984.0,0.0,48.0,1604.0,60192.0,0.0
2021-02-04,81681.0,166596.0,200715.0,0.0,22.0,219.0,78537.0,0.0
2021-02-05,79496.0,131895.0,200234.0,0.0,3.0,1555.0,55221.0,0.0
2021-02-06,88558.0,140038.0,200400.0,0.0,76.0,690.0,60635.0,0.0
2021-02-07,88651.0,140449.0,200320.0,0.0,33.0,327.0,52655.0,0.0
2021-02-08,99503.0,151027.0,200260.0,0.0,104.0,1050.0,73457.0,0.0
2021-02-09,93690.0,121009.0,199541.0,0.0,495.0,670.0,55154.0,0.0
2021-02-10,98598.0,89586.0,199036.0,0.0,84.0,841.0,65043.0,0.0
2021-02-11,110108.0,90373.0,198273.0,0.0,160.0,127.0,67877.0,0.0
2021-02-12,123968.0,129944.0,199054.0,0.0,244.0,213.0,79311.0,0.0
2021-02-13,131242.0,153820.0,192154.0,0.0,453.0,240.0,66890.0,0.0
2021-02-14,142899.0,154973.0,197534.0,0.0,499.0,219.0,61708.0,0.0
2021-02-15,144638.0,177891.0,199405.0,0.0,198.0,120.0,60513.0,0.0
2021-02-16,139024.0,183119.0,199482.0,0.0,87.0,808.0,81795.0,0.0
2021-02-17,137898.0,179706.0,199603.0,0.0,331.0,273.0,64839.0,0.0
2021-02-18,125721.0,138025.0,199098.0,0.0,341.0,105.0,63003.0,0.0
2021-02-19,131844.0,145057.0,199052.0,0.0,605.0,1108.0,79881.0,0.0
2021-02-20,121119.0,143642.0,198885.0,0.0,510.0,1821.0,90846.0,0.0
2021-02-21,109617.0,95342.0,198357.0,0.0,428.0,1815.0,83735.0,0.0
2021-02-22,77676.0,68323.0,197503.0,0.0,482.0,1942.0,78453.0,0.0
2021-02-23,96555.0,67016.0,197388.0,0.0,518.0,1969.0,86537.0,0.0
2021-02-24,69201.0,58112.0,196839.0,0.0,627.0,1594.0,80553.0,0.0
2021-02-25,60764.0,50019.0,196531.0,0.0,593.0,1297.0,88041.0,0.0
2021-02-26,77037.0,63910.0,193656.0,0.0,384.0,327.0,83368.0,0.0
2021-02-27,61970.0,74027.0,171634.0,0.0,294.0,395.0,67911.0,0.0
2021-02-28,57888.0,59041.0,169612.0,0.0,358.0,422.0,48633.0,0.0
2021-03-01,59598.0,83087.0,169901.0,0.0,577.0,225.0,63992.0,0.0
2021-03-02,65062.0,140745.0,171185.0,0.0,420.0,749.0,84610.0,0.0
2021-03-03,58365.0,131681.0,171088.0,0.0,0.0,2120.0,80121.0,0.0
2021-03-04,53492.0,120727.0,170904.0,0.0,3.0,2105.0,74212.0,0.0
2021-03-05,54097.0,107142.0,170926.0,0.0,328.0,900.0,85772.0,0.0
2021-03-06,62377.0,106178.0,171236.0,0.0,459.0,2234.0,79978.0,0.0
2021-03-07,65260.0,91207.0,171325.0,0.0,473.0,2146.0,81945.0,0.0
2021-03-08,63842.0,95440.0,171139.0,0.0,470.0,2218.0,83893.0,0.0
2021-03-09,66477.0,80511.0,170868.0,0.0,454.0,1714.0,80680.0,0.0
2021-03-10,71854.0,60637.0,170594.0,0.0,568.0,1173.0,71561.0,0.0
2021-03-11,68299.0,54387.0,170235.0,0.0,493.0,789.0,69957.0,0.0
2021-03-12,67541.0,58576.0,170006.0,0.0,485.0,949.0,69026.0,0.0
2021-03-13,65144.0,47744.0,170084.0,0.0,512.0,768.0,64679.0,0.0
2021-03-14,58409.0,45006.0,170334.0,0.0,526.0,1266.0,63687.0,0.0
2021-03-15,70826.0,55035.0,170220.0,0.0,529.0,1437.0,65671.0,0.0
2021-03-16,72198.0,67665.0,170195.0,0.0,499.0,1463.0,68237.0,0.0
2021-03-17,71129.0,71357.0,160200.0,0.0,341.0,305.0,66749.0,0.0
2021-03-18,71134.0,86522.0,144120.0,0.0,429.0,454.0,55460.0,0.0
2021-03-19,77865.0,101721.0,154018.0,0.0,504.0,529.0,68611.0,0.0
2021-03-20,79552.0,87024.0,165158.0,0.0,490.0,2382.0,50274.0,0.0
2021-03-21,60340.0,56275.0,170608.0,0.0,526.0,2486.0,65662.0,0.0
2021-03-22,61488.0,60588.0,170175.0,0.0,532.0,1553.0,66009.0,0.0
2021-03-23,62566.0,63039.0,169899.0,0.0,504.0,493.0,66478.0,0.0
2021-03-24,63449.0,63743.0,169585.0,0.0,420.0,1966.0,65645.0,0.0
2021-03-25,70359.0,70479.0,169495.0,0.0,140.0,587.0,66590.0,0.0
2021-03-26,68005.0,71774.0,167795.0,0.0,420.0,2343.0,60898.0,0.0
2021-03-27,63861.0,64830.0,167428.0,0.0,487.0,673.0,56210.0,0.0
2021-03-28,68039.0,51521.0,168839.0,0.0,202.0,1780.0,43401.0,0.0
2021-03-29,72996.0,75450.0,170101.0,0.0,277.0,2468.0,55711.0,0.0
2021-03-30,69717.0,63618.0,169911.0,0.0,319.0,1578.0,65466.0,0.0
2021-03-31,62949.0,65299.0,169240.0,0.0,266.0,833.0,68995.0,0.0
2021-04-01,77190.0,94407.0,170766.0,0.0,339.0,2692.0,74771.0,0.0
2021-04-02,77822.0,103587.0,171021.0,0.0,322.0,2725.0,73444.0,0.0
2021-04-03,64639.0,84988.0,164492.0,0.0,344.0,2569.0,73094.0,0.0
2021-04-04,56493.0,47010.0,169955.0,0.0,342.0,2621.0,78008.0,0.0
2021-04-05,65963.0,51218.0,169398.0,0.0,316.0,2392.0,73469.0,0.0
2021-04-06,69790.0,58917.0,168644.0,0.0,373.0,2450.0,76912.0,0.0
2021-04-07,62816.0,73380.0,167914.0,0.0,406.0,1555.0,80925.0,0.0
2021-04-08,68827.0,66604.0,167361.0,0.0,341.0,2307.0,73631.0,0.0
2021-04-09,72291.0,56827.0,167089.0,0.0,376.0,2203.0,77079.0,0.0
2021-04-10,70879.0,62099.0,143664.0,0.0,207.0,1398.0,77115.0,0.0
2021-04-11,63176.0,48692.0,140742.0,0.0,339.0,2771.0,75048.0,0.0
2021-04-12,70172.0,66167.0,141087.0,0.0,417.0,2626.0,83717.0,0.0
2021-04-13,73798.0,81159.0,141061.0,0.0,543.0,1554.0,77087.0,0.0
2021-04-14,72207.0,82711.0,140647.0,0.0,459.0,1057.0,73143.0,0.0
2021-04-15,76472.0,80881.0,141296.0,0.0,392.0,2444.0,66963.0,0.0
2021-04-16,80510.0,76091.0,141726.0,0.0,440.0,1328.0,68930.0,0.0
2021-04-17,78259.0,74632.0,141620.0,0.0,509.0,1280.0,47077.0,0.0
2021-04-18,79326.0,68400.0,141710.0,0.0,482.0,1645.0,48462.0,0.0
2021-04-19,86139.0,77657.0,141572.0,0.0,510.0,2676.0,43661.0,0.0
2021-04-20,93481.0,89973.0,141345.0,0.0,557.0,2689.0,32668.0,0.0
2021-04-21,88479.0,93582.0,141675.0,0.0,557.0,2410.0,40492.0,0.0
2021-04-22,86120.0,112953.0,142043.0,0.0,501.0,2912.0,52171.0,0.0
2021-04-23,89792.0,105616.0,146798.0,0.0,513.0,1290.0,30368.0,0.0
2021-04-24,72224.0,88874.0,152969.0,0.0,498.0,1038.0,27745.0,0.0
2021-04-25,65863.0,65442.0,159149.0,0.0,462.0,2426.0,27988.0,0.0
2021-04-26,63341.0,81073.0,166906.0,0.0,420.0,2698.0,34318.0,0.0
2021-04-27,68289.0,101062.0,169126.0,0.0,325.0,2193.0,30354.0,0.0
2021-04-28,74007.0,115426.0,164043.0,0.0,504.0,1218.0,37401.0,0.0
2021-04-29,73155.0,109492.0,166385.0,0.0,509.0,704.0,40342.0,0.0
2021-04-30,70416.0,94760.0,166852.0,0.0,460.0,2478.0,37903.0,0.0
2021-05-01,66834.0,81975.0,167247.0,0.0,425.0,2877.0,21419.0,0.0
2021-05-02,61479.0,73275.0,168554.0,0.0,361.0,740.0,24731.0,0.0
2021-05-03,72972.0,96326.0,170155.0,0.0,532.0,1925.0,40875.0,0.0
2021-05-04,88794.0,103171.0,170951.0,0.0,331.0,989.0,42372.0,0.0
2021-05-05,76085.0,75495.0,171339.0,0.0,215.0,2422.0,50423.0,0.0
2021-05-06,68715.0,69133.0,159397.0,0.0,502.0,2771.0,64946.0,0.0
2021-05-07,74078.0,68272.0,161373.0,0.0,375.0,3183.0,60420.0,0.0
2021-05-08,64256.0,64359.0,171401.0,0.0,308.0,1844.0,41829.0,0.0
2021-05-09,43095.0,72446.0,171192.0,0.0,364.0,1039.0,42907.0,0.0
2021-05-10,41832.0,81100.0,171947.0,0.0,179.0,999.0,66233.0,0.0
2021-05-11,47845.0,89763.0,179184.0,0.0,367.0,1343.0,47739.0,0.0
2021-05-12,45170.0,89133.0,183424.0,0.0,373.0,2614.0,42096.0,0.0
2021-05-13,47874.0,90875.0,184809.0,0.0,370.0,3079.0,45766.0,0.0
2021-05-14,40357.0,87458.0,196964.0,0.0,333.0,3380.0,42591.0,0.0
2021-05-15,41363.0,71805.0,199841.0,0.0,504.0,3097.0,32928.0,0.0
2021-05-16,46364.0,73670.0,199318.0,0.0,409.0,2301.0,28869.0,0.0
2021-05-17,55732.0,90573.0,199054.0,0.0,507.0,1512.0,38984.0,0.0
2021-05-18,62865.0,95732.0,198809.0,0.0,473.0,775.0,33416.0,0.0
2021-05-19,74568.0,93697.0,198696.0,0.0,521.0,2106.0,35687.0,0.0
2021-05-20,80110.0,106508.0,198473.0,0.0,574.0,2956.0,38973.0,0.0
2021-05-21,86506.0,101236.0,198417.0,0.0,588.0,3035.0,39164.0,0.0
2021-05-22,95864.0,89409.0,198133.0,0.0,456.0,2376.0,32548.0,0.0
2021-05-23,105315.0,90438.0,197879.0,0.0,507.0,2862.0,26864.0,0.0
2021-05-24,112228.0,125730.0,186346.0,0.0,431.0,2448.0,30626.0,0.0
2021-05-25,122034.0,144210.0,168880.0,0.0,543.0,2785.0,38360.0,0.0
2021-05-26,124988.0,144631.0,168527.0,0.0,235.0,1483.0,32995.0,0.0
2021-05-27,117766.0,138791.0,168706.0,0.0,54.0,2408.0,35514.0,0.0
2021-05-28,115880.0,123738.0,168349.0,0.0,408.0,1634.0,37577.0,0.0
2021-05-29,92772.0,64004.0,169733.0,0.0,398.0,847.0,26437.0,0.0
2021-05-30,76254.0,52744.0,172924.0,0.0,484.0,3136.0,23522.0,0.0
2021-05-31,75158.0,52335.0,191424.0,0.0,496.0,3031.0,28698.0,0.0
2021-06-01,87755.0,75214.0,197689.0,0.0,532.0,1282.0,30193.0,0.0
2021-06-02,89229.0,87769.0,197484.0,0.0,501.0,1265.0,36399.0,0.0
2021-06-03,87510.0,95196.0,197468.0,0.0,305.0,2285.0,36852.0,0.0
2021-06-04,76570.0,99163.0,197739.0,0.0,65.0,2514.0,47409.0,0.0
2021-06-05,70630.0,122306.0,188908.0,0.0,73.0,1460.0,34785.0,0.0
2021-06-06,75151.0,114977.0,188438.0,0.0,53.0,577.0,23771.0,0.0
2021-06-07,80207.0,119627.0,196491.0,0.0,355.0,1666.0,31524.0,0.0
2021-06-08,93735.0,126113.0,196388.0,0.0,280.0,951.0,45642.0,0.0
2021-06-09,80372.0,113120.0,196593.0,0.0,261.0,1153.0,51823.0,0.0
2021-06-10,81821.0,117966.0,196659.0,0.0,201.0,1114.0,60788.0,0.0
2021-06-11,88526.0,131154.0,196666.0,0.0,345.0,1885.0,54899.0,0.0
2021-06-12,89725.0,150765.0,183474.0,0.0,311.0,2674.0,56130.0,0.0
2021-06-13,84470.0,159797.0,180403.0,0.0,392.0,2762.0,47927.0,0.0
2021-06-14,97001.0,172689.0,195468.0,0.0,529.0,3356.0,47863.0,0.0
2021-06-15,101348.0,149155.0,194585.0,0.0,498.0,3517.0,43104.0,0.0
2021-06-16,86904.0,128404.0,197167.0,0.0,412.0,3436.0,39197.0,0.0
2021-06-17,83735.0,144443.0,196941.0,0.0,459.0,2440.0,44466.0,0.0
2021-06-18,89083.0,158067.0,196332.0,0.0,384.0,2666.0,37761.0,0.0
2021-06-19,89043.0,129537.0,196087.0,0.0,408.0,1647.0,41963.0,0.0
2021-06-20,82612.0,126822.0,196329.0,0.0,518.0,2679.0,41406.0,0.0
2021-06-21,92824.0,153993.0,195642.0,0.0,404.0,1459.0,57644.0,0.0
2021-06-22,86030.0,110923.0,196507.0,0.0,336.0,3145.0,44833.0,0.0
2021-06-23,81841.0,100199.0,196757.0,0.0,512.0,3695.0,39393.0,0.0
2021-06-24,93073.0,120929.0,196222.0,0.0,554.0,2921.0,41769.0,0.0
2021-06-25,95987.0,149809.0,195840.0,0.0,532.0,1979.0,38824.0,0.0
2021-06-26,93318.0,140919.0,195978.0,0.0,488.0,3151.0,27826.0,0.0
2021-06-27,98396.0,143787.0,195757.0,0.0,526.0,3126.0,29084.0,0.0
2021-06-28,103699.0,169527.0,195499.0,0.0,529.0,2941.0,33691.0,0.0
2021-06-29,97884.0,175467.0,195224.0,0.0,434.0,1809.0,35901.0,0.0
2021-06-30,99018.0,159612.0,195273.0,0.0,479.0,2185.0,36534.0,0.0
2021-07-01,98640.0,146482.0,195100.0,0.0,557.0,1463.0,40144.0,0.0
2021-07-02,76556.0,138237.0,195183.0,0.0,347.0,2436.0,44524.0,0.0
2021-07-03,77857.0,106932.0,195493.0,0.0,513.0,3600.0,33632.0,0.0
2021-07-04,76122.0,97407.0,195285.0,0.0,462.0,3612.0,33949.0,0.0
2021-07-05,81905.0,124086.0,194466.0,0.0,552.0,3264.0,40168.0,0.0
2021-07-06,91865.0,160369.0,194305.0,0.0,562.0,2949.0,43216.0,0.0
2021-07-07,102708.0,151917.0,194298.0,0.0,518.0,1381.0,37050.0,0.0
2021-07-08,100517.0,155316.0,195032.0,0.0,588.0,2803.0,32581.0,0.0
2021-07-09,103186.0,156152.0,194479.0,0.0,590.0,1239.0,40045.0,0.0
2021-07-10,95009.0,144856.0,194534.0,0.0,518.0,2392.0,33393.0,0.0
2021-07-11,92453.0,132242.0,194436.0,0.0,535.0,1332.0,34988.0,0.0
2021-07-12,94968.0,130127.0,194784.0,0.0,543.0,1993.0,44892.0,0.0
2021-07-13,99089.0,136473.0,194874.0,0.0,513.0,2110.0,40196.0,0.0
2021-07-14,89836.0,147157.0,194692.0,0.0,537.0,3140.0,43892.0,0.0
2021-07-15,95281.0,163447.0,194288.0,0.0,496.0,3589.0,45603.0,0.0
2021-07-16,103656.0,172289.0,194035.0,0.0,448.0,3005.0,44117.0,0.0
2021-07-17,98762.0,140913.0,194041.0,0.0,378.0,2171.0,35374.0,0.0
2021-07-18,91785.0,126811.0,194154.0,0.0,602.0,1530.0,34471.0,0.0
2021-07-19,92073.0,124768.0,194493.0,0.0,507.0,1324.0,40749.0,0.0
2021-07-20,98690.0,124512.0,194747.0,0.0,610.0,2220.0,47848.0,0.0
2021-07-21,102010.0,132268.0,194798.0,0.0,513.0,2952.0,51597.0,0.0
2021-07-22,109275.0,137859.0,194369.0,0.0,431.0,2956.0,50365.0,0.0
2021-07-23,107116.0,144197.0,194426.0,0.0,482.0,2997.0,43885.0,0.0
2021-07-24,107251.0,143986.0,194362.0,0.0,428.0,3000.0,40725.0,0.0
2021-07-25,109904.0,157384.0,193997.0,0.0,574.0,3163.0,43070.0,0.0
2021-07-26,110224.0,164031.0,193761.0,0.0,549.0,2154.0,38217.0,0.0
2021-07-27,103500.0,169163.0,193304.0,0.0,389.0,3040.0,45599.0,0.0
2021-07-28,106201.0,162829.0,192858.0,0.0,552.0,3541.0,47462.0,0.0
2021-07-29,104612.0,152843.0,192779.0,0.0,616.0,3386.0,48854.0,0.0
2021-07-30,105649.0,161762.0,192265.0,0.0,565.0,2864.0,53441.0,0.0
2021-07-31,105289.0,150853.0,192417.0,0.0,597.0,3346.0,41952.0,0.0
2021-08-01,98449.0,134209.0,192685.0,0.0,504.0,2184.0,37039.0,0.0
2021-08-02,88199.0,127763.0,193410.0,0.0,22.0,1949.0,44548.0,0.0
2021-08-03,89175.0,124206.0,193661.0,0.0,322.0,3701.0,43057.0,0.0
2021-08-04,86066.0,122287.0,193667.0,0.0,288.0,3803.0,42064.0,0.0
2021-08-05,79448.0,130393.0,193782.0,0.0,367.0,3557.0,49002.0,0.0
2021-08-06,86100.0,154315.0,169593.0,0.0,532.0,1170.0,50859.0,0.0
2021-08-07,88657.0,154565.0,165668.0,0.0,526.0,2989.0,41687.0,0.0
2021-08-08,92339.0,155180.0,165623.0,0.0,516.0,3058.0,43031.0,0.0
2021-08-09,104347.0,168827.0,172925.0,0.0,498.0,3441.0,53371.0,0.0
2021-08-10,110172.0,178097.0,180253.0,0.0,577.0,3785.0,50592.0,0.0
2021-08-11,107732.0,180781.0,192477.0,0.0,456.0,4144.0,45280.0,0.0
2021-08-12,102189.0,167953.0,192738.0,0.0,446.0,3359.0,44526.0,0.0
2021-08-13,105208.0,161105.0,192520.0,0.0,520.0,2761.0,48551.0,0.0
2021-08-14,99706.0,137012.0,192472.0,0.0,622.0,3578.0,40663.0,0.0
2021-08-15,94156.0,128618.0,192887.0,0.0,493.0,2128.0,41513.0,0.0
2021-08-16,102134.0,132238.0,193106.0,0.0,476.0,2309.0,44501.0,0.0
2021-08-17,97923.0,146008.0,193281.0,0.0,476.0,3913.0,45397.0,0.0
2021-08-18,88953.0,156617.0,193556.0,0.0,557.0,2446.0,55197.0,0.0
2021-08-19,88184.0,142217.0,193819.0,0.0,412.0,2250.0,63993.0,0.0
2021-08-20,87651.0,144525.0,194075.0,0.0,512.0,1595.0,70590.0,0.0
2021-08-21,84672.0,133073.0,193995.0,0.0,428.0,2012.0,66374.0,0.0
2021-08-22,84840.0,138333.0,194170.0,0.0,465.0,3869.0,67693.0,0.0
2021-08-23,102097.0,163361.0,194039.0,0.0,636.0,3902.0,60072.0,0.0
2021-08-24,126111.0,161444.0,193634.0,0.0,599.0,4034.0,55728.0,0.0
2021-08-25,133622.0,161653.0,193287.0,0.0,510.0,3098.0,53872.0,0.0
2021-08-26,134454.0,163376.0,193328.0,0.0,507.0,2989.0,56862.0,0.0
2021-08-27,137798.0,157538.0,193053.0,0.0,456.0,2808.0,55192.0,0.0
2021-08-28,126315.0,150140.0,188241.0,0.0,487.0,3225.0,51948.0,0.0
2021-08-29,120514.0,136083.0,192859.0,0.0,493.0,2787.0,50415.0,0.0
2021-08-30,123776.0,130662.0,193105.0,0.0,375.0,673.0,50582.0,0.0
2021-08-31,114893.0,91863.0,194461.0,0.0,445.0,1358.0,59027.0,0.0
2021-09-01,108146.0,92691.0,195080.0,0.0,219.0,3269.0,68792.0,0.0
2021-09-02,90963.0,100667.0,195201.0,0.0,459.0,4303.0,66482.0,0.0
2021-09-03,81369.0,89898.0,195151.0,0.0,428.0,4168.0,73456.0,0.0
2021-09-04,68890.0,91046.0,194609.0,0.0,557.0,3891.0,71589.0,0.0
2021-09-05,62651.0,98350.0,194411.0,0.0,555.0,2176.0,58040.0,0.0
2021-09-06,59918.0,96843.0,194014.0,0.0,465.0,4342.0,63434.0,0.0
2021-09-07,66776.0,111064.0,193918.0,0.0,512.0,4044.0,57556.0,0.0
2021-09-08,71636.0,132858.0,193008.0,0.0,554.0,3869.0,61897.0,0.0
2021-09-09,67503.0,115936.0,193494.0,0.0,591.0,4399.0,63164.0,0.0
2021-09-10,62228.0,99224.0,192088.0,0.0,591.0,4067.0,63911.0,0.0
2021-09-11,55900.0,108104.0,162685.0,0.0,529.0,3319.0,66141.0,0.0
2021-09-12,60725.0,114197.0,167446.0,0.0,555.0,2982.0,61383.0,0.0
2021-09-13,82014.0,149331.0,167662.0,0.0,563.0,3399.0,60746.0,0.0
2021-09-14,98502.0,152001.0,167390.0,0.0,394.0,2098.0,54542.0,0.0
2021-09-15,103289.0,135804.0,167208.0,0.0,507.0,2195.0,48511.0,0.0
2021-09-16,100173.0,116933.0,167289.0,0.0,513.0,1738.0,56521.0,0.0
2021-09-17,106602.0,112813.0,167125.0,0.0,532.0,980.0,57771.0,0.0
2021-09-18,106227.0,104180.0,156612.0,0.0,369.0,1291.0,59855.0,0.0
2021-09-19,91369.0,89219.0,160980.0,0.0,521.0,1586.0,62422.0,0.0
2021-09-20,91283.0,99818.0,166949.0,0.0,479.0,1599.0,73322.0,0.0
2021-09-21,87076.0,114033.0,166909.0,0.0,364.0,1922.0,68686.0,0.0
2021-09-22,98994.0,78404.0,166619.0,0.0,434.0,2768.0,65679.0,0.0
2021-09-23,88777.0,43837.0,167338.0,0.0,467.0,4272.0,66117.0,0.0
2021-09-24,69608.0,54623.0,167430.0,0.0,560.0,3826.0,73269.0,0.0
2021-09-25,60713.0,61161.0,167082.0,0.0,353.0,3969.0,64075.0,0.0
2021-09-26,61602.0,60371.0,166725.0,0.0,31.0,3882.0,61974.0,0.0
2021-09-27,64875.0,80090.0,166423.0,0.0,5.0,3936.0,72798.0,0.0
2021-09-28,58725.0,116870.0,165873.0,0.0,378.0,2999.0,72844.0,0.0
2021-09-29,50808.0,137379.0,165084.0,0.0,566.0,2878.0,71186.0,0.0
2021-09-30,51371.0,148515.0,164575.0,0.0,445.0,1080.0,62167.0,0.0
2021-10-01,50811.0,142883.0,165825.0,0.0,594.0,2265.0,58395.0,0.0
2021-10-02,48891.0,111914.0,156766.0,0.0,199.0,923.0,61041.0,0.0
2021-10-03,45279.0,95577.0,166015.0,0.0,11.0,1578.0,62584.0,0.0
2021-10-04,48593.0,117403.0,170838.0,0.0,17.0,1948.0,62172.0,0.0
2021-10-05,52787.0,108127.0,171173.0,0.0,0.0,1097.0,59352.0,0.0
2021-10-06,52559.0,102209.0,171258.0,0.0,0.0,1874.0,67012.0,0.0
2021-10-07,52391.0,114452.0,171407.0,0.0,0.0,2410.0,73060.0,0.0
2021-10-08,50945.0,103095.0,171346.0,0.0,0.0,3201.0,80243.0,0.0
2021-10-09,50229.0,103485.0,155761.0,0.0,0.0,2954.0,72399.0,0.0
2021-10-10,48919.0,94179.0,166618.0,0.0,0.0,3540.0,67937.0,0.0
2021-10-11,49423.0,95000.0,171586.0,0.0,0.0,2333.0,81447.0,0.0
2021-10-12,48725.0,104753.0,171685.0,0.0,0.0,2665.0,78135.0,0.0
2021-10-13,49317.0,108356.0,171580.0,0.0,0.0,2831.0,73947.0,0.0
2021-10-14,55395.0,116901.0,171269.0,0.0,0.0,1989.0,66431.0,0.0
2021-10-15,49955.0,124443.0,171099.0,0.0,2.0,1292.0,65710.0,0.0
2021-10-16,38160.0,79046.0,171694.0,0.0,0.0,3731.0,56494.0,0.0
2021-10-17,14490.0,62733.0,173101.0,0.0,3.0,3638.0,63185.0,0.0
2021-10-18,20456.0,85238.0,172944.0,0.0,0.0,3403.0,71002.0,0.0
2021-10-19,28494.0,81500.0,172609.0,0.0,0.0,2616.0,73491.0,0.0
2021-10-20,33851.0,85715.0,172226.0,0.0,0.0,2707.0,66883.0,0.0
2021-10-21,32576.0,88141.0,171437.0,0.0,0.0,1674.0,71679.0,0.0
2021-10-22,37188.0,81681.0,171806.0,0.0,303.0,1539.0,65000.0,0.0
2021-10-23,33122.0,64602.0,172285.0,0.0,322.0,1536.0,64479.0,0.0
2021-10-24,26958.0,64240.0,171903.0,0.0,294.0,1271.0,61503.0,0.0
2021-10-25,26836.0,77319.0,171338.0,0.0,339.0,1201.0,68263.0,0.0
2021-10-26,26215.0,81521.0,172176.0,0.0,498.0,1554.0,65678.0,0.0
2021-10-27,27880.0,93280.0,172515.0,0.0,515.0,1225.0,59431.0,0.0
2021-10-28,34727.0,75671.0,172082.0,0.0,420.0,338.0,61686.0,0.0
2021-10-29,39868.0,78341.0,170089.0,0.0,633.0,279.0,60327.0,0.0
2021-10-30,40537.0,90108.0,146460.0,0.0,224.0,264.0,55038.0,0.0
2021-10-31,32259.0,84652.0,145983.0,0.0,456.0,1589.0,54785.0,0.0
2021-11-01,31278.0,99599.0,146170.0,0.0,521.0,1492.0,68529.0,0.0
2021-11-02,34635.0,126122.0,146181.0,0.0,555.0,937.0,59664.0,0.0
2021-11-03,30244.0,163958.0,146392.0,0.0,378.0,319.0,61114.0,0.0
2021-11-04,35368.0,171596.0,146466.0,0.0,473.0,1527.0,59753.0,0.0
2021-11-05,41037.0,153675.0,145156.0,0.0,504.0,1168.0,64941.0,0.0
2021-11-06,48690.0,119733.0,146537.0,0.0,339.0,0.0,54861.0,0.0
2021-11-07,50427.0,113213.0,146191.0,0.0,381.0,1527.0,52196.0,0.0
2021-11-08,54662.0,117054.0,140394.0,0.0,359.0,1521.0,51257.0,0.0
2021-11-09,51164.0,118690.0,145643.0,0.0,322.0,2083.0,57505.0,0.0
2021-11-10,69335.0,89625.0,153490.0,0.0,95.0,2533.0,59203.0,0.0
2021-11-11,73392.0,76047.0,160694.0,0.0,428.0,618.0,58747.0,0.0
2021-11-12,55117.0,94705.0,164576.0,0.0,530.0,2667.0,51606.0,0.0
2021-11-13,60436.0,97519.0,163904.0,0.0,448.0,3030.0,48912.0,0.0
2021-11-14,62865.0,111118.0,166138.0,0.0,470.0,2651.0,62013.0,0.0
2021-11-15,60753.0,115984.0,174878.0,0.0,596.0,2650.0,55001.0,0.0
2021-11-16,60339.0,97106.0,173954.0,0.0,586.0,1669.0,60694.0,0.0
2021-11-17,59843.0,83535.0,174376.0,0.0,534.0,1858.0,44568.0,0.0
2021-11-18,59545.0,86279.0,174207.0,0.0,471.0,1530.0,40950.0,0.0
2021-11-19,63862.0,131112.0,174898.0,0.0,258.0,2925.0,67558.0,0.0
2021-11-20,76941.0,113005.0,175262.0,0.0,324.0,2316.0,53237.0,0.0
2021-11-21,78880.0,109525.0,175258.0,0.0,286.0,761.0,28524.0,0.0
2021-11-22,60395.0,102111.0,175057.0,0.0,392.0,2687.0,41141.0,0.0
2021-11-23,87726.0,136172.0,175405.0,0.0,543.0,2750.0,66017.0,0.0
2021-11-24,85172.0,138649.0,175263.0,0.0,490.0,2336.0,47481.0,0.0
2021-11-25,62322.0,99041.0,174897.0,0.0,423.0,262.0,45347.0,0.0
2021-11-26,54474.0,112759.0,174737.0,0.0,420.0,2605.0,37785.0,0.0
2021-11-27,59747.0,137733.0,174780.0,0.0,487.0,2026.0,56952.0,0.0
2021-11-28,48578.0,129463.0,174467.0,0.0,507.0,2098.0,28970.0,0.0
2021-11-29,61995.0,150039.0,174646.0,0.0,479.0,2590.0,45610.0,0.0
2021-11-30,53055.0,171783.0,174552.0,0.0,566.0,2528.0,37368.0,0.0
2021-12-01,50303.0,132621.0,174182.0,0.0,515.0,1597.0,46416.0,0.0
2021-12-02,45474.0,121234.0,173767.0,0.0,439.0,2456.0,30802.0,0.0
2021-12-03,45170.0,115465.0,172647.0,0.0,594.0,2085.0,40865.0,0.0
2021-12-04,38372.0,106721.0,168554.0,0.0,501.0,430.0,29008.0,0.0
2021-12-05,39936.0,90471.0,184192.0,0.0,513.0,731.0,31690.0,0.0
2021-12-06,37856.0,93517.0,194309.0,0.0,280.0,1025.0,32598.0,0.0
2021-12-07,32107.0,171756.0,195863.0,0.0,61.0,1128.0,58956.0,0.0
2021-12-08,29231.0,170040.0,197807.0,0.0,118.0,2463.0,32007.0,0.0
2021-12-09,30394.0,172086.0,196058.0,0.0,336.0,749.0,53484.0,0.0
2021-12-10,28224.0,121894.0,190507.0,0.0,509.0,534.0,49281.0,0.0
2021-12-11,34923.0,89449.0,190110.0,0.0,457.0,601.0,33677.0,0.0
2021-12-12,57884.0,101423.0,192087.0,0.0,498.0,2536.0,47357.0,0.0
2021-12-13,52846.0,134311.0,198056.0,0.0,384.0,2402.0,54652.0,0.0
2021-12-14,56766.0,116560.0,202957.0,0.0,166.0,1829.0,53748.0,0.0
2021-12-15,51141.0,99379.0,203029.0,0.0,90.0,1743.0,46236.0,0.0
2021-12-16,53876.0,86097.0,202269.0,0.0,389.0,615.0,42735.0,0.0
2021-12-17,47653.0,86767.0,201959.0,0.0,535.0,350.0,47517.0,0.0
2021-12-18,42132.0,74369.0,201740.0,0.0,493.0,545.0,47983.0,0.0
2021-12-19,51237.0,92054.0,202618.0,0.0,540.0,1314.0,45285.0,0.0
2021-12-20,71894.0,129419.0,203081.0,0.0,557.0,1599.0,56300.0,0.0
2021-12-21,68847.0,123224.0,202903.0,0.0,535.0,1315.0,57432.0,0.0
2021-12-22,70209.0,129286.0,202818.0,0.0,350.0,2484.0,44114.0,0.0
2021-12-23,65940.0,131318.0,202829.0,0.0,328.0,2353.0,54318.0,0.0
2021-12-24,41977.0,88911.0,202277.0,0.0,327.0,1191.0,49790.0,0.0
2021-12-25,39599.0,47890.0,201034.0,0.0,420.0,1242.0,29566.0,0.0
2021-12-26,22089.0,55532.0,200712.0,0.0,462.0,622.0,34448.0,0.0
2021-12-27,21579.0,80239.0,200418.0,0.0,513.0,387.0,35806.0,0.0
2021-12-28,21992.0,87339.0,200019.0,0.0,532.0,674.0,41388.0,0.0
2021-12-29,24241.0,80919.0,199550.0,0.0,512.0,315.0,51115.0,0.0
2021-12-30,26248.0,64233.0,199792.0,0.0,395.0,1406.0,66915.0,0.0
2021-12-31,26113.0,70515.0,199815.0,0.0,439.0,721.0,57762.0,0.0
2022-01-01,20429.0,53632.0,198626.0,0.0,418.0,732.0,61733.0,0.0
2022-01-02,23575.0,68733.0,199046.0,0.0,425.0,198.0,54045.0,0.0
2022-01-03,48524.0,162366.0,200744.0,0.0,406.0,432.0,63998.0,0.0
2022-01-04,63651.0,178005.0,200897.0,0.0,493.0,1968.0,67939.0,0.0
2022-01-05,71726.0,137174.0,200131.0,0.0,672.0,1955.0,60200.0,0.0
2022-01-06,85266.0,146013.0,200287.0,0.0,543.0,227.0,76322.0,0.0
2022-01-07,118874.0,178008.0,201198.0,0.0,543.0,2144.0,83597.0,0.0
2022-01-08,102045.0,166323.0,201979.0,0.0,524.0,1837.0,85887.0,0.0
2022-01-09,70709.0,104217.0,201042.0,0.0,470.0,167.0,60562.0,0.0
2022-01-10,67849.0,151807.0,201095.0,0.0,546.0,2668.0,80049.0,0.0
2022-01-11,61819.0,167014.0,201143.0,0.0,538.0,2628.0,79775.0,0.0
2022-01-12,57783.0,161789.0,200870.0,0.0,507.0,2445.0,81516.0,0.0
2022-01-13,58500.0,129876.0,200560.0,0.0,524.0,1951.0,79718.0,0.0
2022-01-14,63214.0,133309.0,195424.0,0.0,523.0,1333.0,83148.0,0.0
2022-01-15,61406.0,141972.0,170787.0,0.0,586.0,370.0,80815.0,0.0
2022-01-16,75922.0,158355.0,169605.0,0.0,579.0,374.0,75707.0,0.0
2022-01-17,82166.0,188917.0,169792.0,0.0,566.0,745.0,86098.0,0.0
2022-01-18,86045.0,190762.0,169404.0,0.0,487.0,2461.0,72480.0,0.0
2022-01-19,66698.0,164285.0,168858.0,0.0,521.0,990.0,68452.0,0.0
2022-01-20,67893.0,198713.0,168540.0,0.0,507.0,1647.0,83017.0,0.0
2022-01-21,83829.0,256101.0,168815.0,0.0,649.0,1993.0,90716.0,0.0
2022-01-22,90028.0,233331.0,169174.0,0.0,602.0,2978.0,73368.0,0.0
2022-01-23,100176.0,175962.0,168878.0,0.0,566.0,2888.0,77767.0,0.0
2022-01-24,96227.0,155579.0,168615.0,0.0,571.0,2790.0,73283.0,0.0
2022-01-25,78983.0,142984.0,177164.0,0.0,538.0,2608.0,69338.0,0.0
2022-01-26,94271.0,171368.0,189160.0,0.0,487.0,3059.0,79246.0,0.0
2022-01-27,98846.0,173890.0,197871.0,0.0,403.0,2633.0,72538.0,0.0
2022-01-28,82031.0,163585.0,192930.0,0.0,484.0,2406.0,68469.0,0.0
2022-01-29,106716.0,179575.0,198433.0,0.0,460.0,3212.0,75349.0,0.0
2022-01-30,106224.0,152708.0,194357.0,0.0,420.0,3005.0,51584.0,0.0
2022-01-31,86067.0,137592.0,197437.0,0.0,484.0,2906.0,55776.0,0.0
2022-02-01,92706.0,128208.0,197561.0,0.0,610.0,2801.0,59576.0,0.0
2022-02-02,82864.0,98071.0,196799.0,0.0,558.0,270.0,59652.0,0.0
2022-02-03,87200.0,105831.0,196237.0,0.0,568.0,206.0,59660.0,0.0
2022-02-04,92456.0,153463.0,196569.0,0.0,476.0,478.0,71496.0,0.0
2022-02-05,97534.0,171884.0,197704.0,0.0,504.0,3491.0,70889.0,0.0
2022-02-06,74381.0,166901.0,197412.0,0.0,538.0,3909.0,76875.0,0.0
2022-02-07,75027.0,161680.0,196692.0,0.0,543.0,3621.0,80500.0,0.0
2022-02-08,65883.0,166241.0,196262.0,0.0,680.0,3939.0,73617.0,0.0
2022-02-09,58113.0,140858.0,195744.0,0.0,695.0,4017.0,77745.0,0.0
2022-02-10,53566.0,126001.0,195441.0,0.0,461.0,3600.0,74577.0,0.0
2022-02-11,52953.0,103201.0,195006.0,0.0,558.0,3863.0,81746.0,0.0
2022-02-12,50270.0,90109.0,194544.0,0.0,579.0,1553.0,62381.0,0.0
2022-02-13,68581.0,132975.0,195454.0,0.0,541.0,4361.0,79416.0,0.0
2022-02-14,72378.0,149246.0,195434.0,0.0,579.0,4284.0,71090.0,0.0
2022-02-15,60424.0,128818.0,195048.0,0.0,485.0,4172.0,78759.0,0.0
2022-02-16,47207.0,87818.0,194137.0,0.0,520.0,2954.0,73995.0,0.0
2022-02-17,48817.0,59744.0,192590.0,0.0,457.0,785.0,73428.0,0.0
2022-02-18,63917.0,101006.0,193218.0,0.0,400.0,3785.0,81022.0,0.0
2022-02-19,78235.0,126597.0,187301.0,0.0,530.0,4504.0,77898.0,0.0
2022-02-20,67948.0,99795.0,190305.0,0.0,560.0,4700.0,78691.0,0.0
2022-02-21,54314.0,79754.0,193246.0,0.0,403.0,506.0,81716.0,0.0
2022-02-22,57209.0,59503.0,192270.0,0.0,423.0,1136.0,79267.0,0.0
2022-02-23,60380.0,83107.0,191567.0,0.0,375.0,846.0,66658.0,0.0
2022-02-24,75450.0,138649.0,192270.0,0.0,442.0,723.0,53213.0,0.0
2022-02-25,65313.0,149937.0,190048.0,0.0,403.0,916.0,41806.0,0.0
2022-02-26,72024.0,176501.0,172810.0,0.0,504.0,880.0,59040.0,0.0
2022-02-27,63467.0,148950.0,171873.0,0.0,423.0,1614.0,46024.0,0.0
2022-02-28,70358.0,139879.0,171850.0,0.0,535.0,5178.0,59123.0,0.0
2022-03-01,74976.0,107154.0,170899.0,0.0,532.0,5298.0,66966.0,0.0
2022-03-02,66176.0,96594.0,144618.0,0.0,560.0,5290.0,76276.0,0.0
2022-03-03,56824.0,90914.0,143329.0,0.0,596.0,5138.0,67026.0,0.0
2022-03-04,56051.0,85437.0,143355.0,0.0,322.0,4873.0,78139.0,0.0
2022-03-05,49898.0,73772.0,143108.0,0.0,0.0,3045.0,73141.0,0.0
2022-03-06,47090.0,71277.0,142793.0,0.0,26.0,2940.0,74754.0,0.0
2022-03-07,49527.0,90784.0,142480.0,0.0,25.0,750.0,74419.0,0.0
2022-03-08,61581.0,122726.0,143565.0,0.0,3.0,2359.0,76403.0,0.0
2022-03-09,67949.0,118730.0,143827.0,0.0,36.0,2948.0,76606.0,0.0
2022-03-10,62498.0,118284.0,143891.0,0.0,14.0,5648.0,76585.0,0.0
2022-03-11,63662.0,117606.0,143559.0,0.0,14.0,4183.0,69775.0,0.0
2022-03-12,86161.0,159393.0,144105.0,0.0,176.0,4964.0,76638.0,0.0
2022-03-13,87894.0,162341.0,144713.0,0.0,524.0,5956.0,82786.0,0.0
2022-03-14,94184.0,110541.0,144140.0,0.0,498.0,5222.0,74496.0,0.0
2022-03-15,90198.0,89864.0,143541.0,0.0,557.0,1432.0,78675.0,0.0
2022-03-16,85686.0,78327.0,143423.0,0.0,487.0,2842.0,77704.0,0.0
2022-03-17,80794.0,74157.0,136808.0,0.0,557.0,4771.0,78611.0,0.0
2022-03-18,66149.0,86868.0,126567.0,0.0,392.0,2255.0,86898.0,0.0
2022-03-19,64594.0,93396.0,127069.0,0.0,502.0,2699.0,76509.0,0.0
2022-03-20,69706.0,98987.0,132976.0,0.0,551.0,5907.0,76494.0,0.0
2022-03-21,58620.0,103585.0,144139.0,0.0,437.0,5251.0,68977.0,0.0
2022-03-22,48473.0,103999.0,143911.0,0.0,484.0,1720.0,64104.0,0.0
2022-03-23,41860.0,104133.0,143616.0,0.0,342.0,1982.0,69575.0,0.0
2022-03-24,44676.0,120088.0,143935.0,0.0,487.0,5134.0,65675.0,0.0
2022-03-25,30724.0,138077.0,144343.0,0.0,473.0,4011.0,68808.0,0.0
2022-03-26,32036.0,144721.0,144537.0,0.0,473.0,6066.0,48346.0,0.0
2022-03-27,31022.0,145537.0,144703.0,0.0,507.0,4839.0,49410.0,0.0
2022-03-28,33279.0,161355.0,144730.0,0.0,490.0,5158.0,53351.0,0.0
2022-03-29,36604.0,149601.0,144499.0,0.0,546.0,3814.0,43793.0,0.0
2022-03-30,29656.0,129065.0,143937.0,0.0,432.0,2679.0,41533.0,0.0
2022-03-31,29656.0,111654.0,143471.0,0.0,347.0,3296.0,48449.0,0.0
2022-04-01,30527.0,135893.0,144325.0,0.0,414.0,6250.0,45549.0,0.0
2022-04-02,33099.0,141499.0,144286.0,0.0,465.0,4006.0,28464.0,0.0
2022-04-03,34428.0,115798.0,144255.0,0.0,322.0,6349.0,25106.0,0.0
2022-04-04,31202.0,143313.0,144953.0,0.0,498.0,3661.0,30205.0,0.0
2022-04-05,27867.0,139563.0,152385.0,0.0,311.0,1079.0,30839.0,0.0
2022-04-06,26476.0,133113.0,156168.0,0.0,459.0,1819.0,32881.0,0.0
2022-04-07,28355.0,110730.0,163919.0,0.0,404.0,4582.0,32320.0,0.0
2022-04-08,30244.0,138378.0,173151.0,0.0,568.0,1457.0,29966.0,0.0
2022-04-09,33291.0,150193.0,171634.0,0.0,398.0,5957.0,24010.0,0.0
2022-04-10,31268.0,124404.0,172276.0,0.0,532.0,6359.0,19497.0,0.0
2022-04-11,33165.0,114653.0,174608.0,0.0,465.0,1914.0,23064.0,0.0
2022-04-12,38491.0,111296.0,174389.0,0.0,492.0,2938.0,25235.0,0.0
2022-04-13,40288.0,108679.0,173992.0,0.0,334.0,3751.0,28779.0,0.0
2022-04-14,32059.0,105929.0,174130.0,0.0,327.0,5618.0,38726.0,0.0
2022-04-15,29344.0,101512.0,169842.0,0.0,446.0,5214.0,48510.0,0.0
2022-04-16,32454.0,80780.0,168999.0,0.0,152.0,2069.0,46177.0,0.0
2022-04-17,31508.0,77274.0,170612.0,0.0,395.0,2025.0,44819.0,0.0
2022-04-18,33594.0,98517.0,174738.0,0.0,328.0,3634.0,44906.0,0.0
2022-04-19,43972.0,115749.0,175234.0,0.0,546.0,6684.0,45974.0,0.0
2022-04-20,38979.0,112194.0,174963.0,0.0,543.0,3739.0,44829.0,0.0
2022-04-21,58106.0,92493.0,174702.0,0.0,560.0,4203.0,34867.0,0.0
2022-04-22,58099.0,99298.0,174324.0,0.0,563.0,5368.0,39834.0,0.0
2022-04-23,57421.0,99252.0,169773.0,0.0,565.0,5984.0,31575.0,0.0
2022-04-24,56568.0,97286.0,173755.0,0.0,516.0,5292.0,28304.0,0.0
2022-04-25,63569.0,111090.0,173592.0,0.0,456.0,2966.0,32384.0,0.0
2022-04-26,62469.0,91661.0,174005.0,0.0,479.0,6019.0,25595.0,0.0
2022-04-27,53685.0,95873.0,174302.0,0.0,568.0,6441.0,26963.0,0.0
2022-04-28,58081.0,91112.0,173660.0,0.0,580.0,6468.0,24831.0,0.0
2022-04-29,56744.0,97052.0,173484.0,0.0,571.0,5271.0,25120.0,0.0
2022-04-30,51935.0,102672.0,173374.0,0.0,585.0,4087.0,19678.0,0.0
2022-05-01,51024.0,103474.0,173017.0,0.0,300.0,4594.0,17988.0,0.0
2022-05-02,48828.0,133970.0,173190.0,0.0,168.0,4694.0,21149.0,0.0
2022-05-03,64388.0,144801.0,172606.0,0.0,386.0,3969.0,20722.0,0.0
2022-05-04,70367.0,136080.0,172430.0,0.0,322.0,4442.0,20987.0,0.0
2022-05-05,73843.0,124765.0,172418.0,0.0,406.0,3805.0,20814.0,0.0
2022-05-06,77337.0,111787.0,171822.0,0.0,314.0,2711.0,21725.0,0.0
2022-05-07,74056.0,68755.0,172886.0,0.0,436.0,1897.0,20083.0,0.0
2022-05-08,76260.0,56391.0,172962.0,0.0,499.0,6291.0,20307.0,0.0
2022-05-09,89409.0,68685.0,172796.0,0.0,271.0,5209.0,22402.0,0.0
2022-05-10,90820.0,104424.0,172592.0,0.0,376.0,5623.0,27785.0,0.0
2022-05-11,86640.0,133646.0,172350.0,0.0,232.0,5582.0,30260.0,0.0
2022-05-12,89029.0,149680.0,172037.0,0.0,364.0,5228.0,29697.0,0.0
2022-05-13,92272.0,143881.0,171635.0,0.0,260.0,5345.0,30328.0,0.0
2022-05-14,88774.0,138977.0,171725.0,0.0,392.0,5873.0,18564.0,0.0
2022-05-15,88377.0,139939.0,171686.0,0.0,493.0,5531.0,19076.0,0.0
2022-05-16,94514.0,139822.0,171581.0,0.0,322.0,5454.0,19392.0,0.0
2022-05-17,89633.0,129645.0,171658.0,0.0,647.0,6546.0,21349.0,0.0
2022-05-18,89020.0,120548.0,171288.0,0.0,280.0,5279.0,22710.0,0.0
2022-05-19,102096.0,140625.0,170803.0,0.0,339.0,5782.0,30049.0,0.0
2022-05-20,108127.0,143306.0,170489.0,0.0,493.0,5293.0,21447.0,0.0
2022-05-21,109026.0,141510.0,170554.0,0.0,504.0,5018.0,22978.0,0.0
2022-05-22,110127.0,116371.0,170667.0,0.0,384.0,3325.0,24595.0,0.0
2022-05-23,103641.0,120527.0,171041.0,0.0,277.0,1926.0,22702.0,0.0
2022-05-24,96108.0,115077.0,171783.0,0.0,356.0,2969.0,41676.0,0.0
2022-05-25,98675.0,116757.0,171603.0,0.0,198.0,2447.0,55784.0,0.0
2022-05-26,92586.0,100948.0,171305.0,0.0,208.0,3481.0,55190.0,0.0
2022-05-27,91880.0,70115.0,171736.0,0.0,352.0,3357.0,67701.0,0.0
2022-05-28,84130.0,62719.0,163962.0,0.0,474.0,4855.0,64550.0,0.0
2022-05-29,84802.0,72016.0,170635.0,0.0,484.0,6356.0,60652.0,0.0
2022-05-30,101821.0,92484.0,170879.0,0.0,476.0,5764.0,64342.0,0.0
2022-05-31,98250.0,141221.0,170624.0,0.0,504.0,6293.0,61438.0,0.0
2022-06-01,103977.0,160366.0,170438.0,0.0,557.0,5138.0,67769.0,0.0
2022-06-02,113504.0,158674.0,149394.0,0.0,333.0,3280.0,61329.0,0.0
2022-06-03,107153.0,145700.0,131603.0,0.0,482.0,5413.0,48513.0,0.0
2022-06-04,74558.0,147410.0,131428.0,0.0,473.0,6258.0,46616.0,0.0
2022-06-05,74737.0,145158.0,142322.0,0.0,398.0,5917.0,34185.0,0.0
2022-06-06,83578.0,156968.0,141169.0,0.0,369.0,4150.0,43430.0,0.0
2022-06-07,68643.0,175498.0,142811.0,0.0,501.0,2959.0,52546.0,0.0
2022-06-08,66372.0,172677.0,142980.0,0.0,236.0,3447.0,50983.0,0.0
2022-06-09,64626.0,178077.0,145689.0,0.0,341.0,5011.0,59214.0,0.0
2022-06-10,58134.0,143787.0,163461.0,0.0,496.0,3500.0,57011.0,0.0
2022-06-11,59710.0,140438.0,171172.0,0.0,507.0,6045.0,44797.0,0.0
2022-06-12,73094.0,159700.0,170797.0,0.0,495.0,5094.0,43720.0,0.0
2022-06-13,104780.0,193662.0,169865.0,0.0,574.0,5494.0,44071.0,0.0
2022-06-14,126686.0,203495.0,169361.0,0.0,515.0,6177.0,37286.0,0.0
2022-06-15,129851.0,197669.0,169052.0,0.0,432.0,5684.0,36087.0,0.0
2022-06-16,121248.0,210353.0,168781.0,0.0,386.0,6186.0,37401.0,0.0
2022-06-17,111798.0,215462.0,168556.0,0.0,420.0,4096.0,33466.0,0.0
2022-06-18,94994.0,172108.0,168446.0,0.0,518.0,6321.0,36344.0,0.0
2022-06-19,91407.0,133458.0,168843.0,0.0,437.0,7147.0,23280.0,0.0
2022-06-20,83165.0,149663.0,168835.0,0.0,490.0,6965.0,29211.0,0.0
2022-06-21,85642.0,177427.0,168761.0,0.0,532.0,6173.0,32584.0,0.0
2022-06-22,94581.0,199225.0,168475.0,0.0,476.0,6320.0,41310.0,0.0
2022-06-23,96352.0,206033.0,168244.0,0.0,448.0,6251.0,39322.0,0.0
2022-06-24,90207.0,195382.0,168178.0,0.0,479.0,6620.0,31825.0,0.0
2022-06-25,85330.0,205289.0,162303.0,0.0,487.0,6533.0,32661.0,0.0
2022-06-26,99710.0,193023.0,167493.0,0.0,411.0,4234.0,27903.0,0.0
2022-06-27,80962.0,180604.0,167075.0,0.0,171.0,4435.0,31864.0,0.0
2022-06-28,82784.0,165580.0,167902.0,0.0,471.0,5834.0,31993.0,0.0
2022-06-29,82311.0,175536.0,167715.0,0.0,464.0,5656.0,31567.0,0.0
2022-06-30,90573.0,193715.0,167391.0,0.0,339.0,5758.0,36962.0,0.0
2022-07-01,96682.0,199281.0,169157.0,0.0,350.0,5468.0,35716.0,0.0
2022-07-02,102214.0,189518.0,177636.0,0.0,353.0,6486.0,28064.0,0.0
2022-07-03,97286.0,179798.0,188396.0,0.0,160.0,6025.0,20722.0,0.0
2022-07-04,95392.0,169117.0,194387.0,0.0,361.0,5870.0,34564.0,0.0
2022-07-05,107684.0,198540.0,193101.0,0.0,643.0,5672.0,31646.0,15.0
2022-07-06,111636.0,206010.0,189513.0,0.0,678.0,4275.0,35732.0,15.0
2022-07-07,99389.0,197453.0,186848.0,0.0,695.0,4071.0,32373.0,11.0
2022-07-08,105264.0,184380.0,190321.0,0.0,840.0,6015.0,39623.0,13.0
2022-07-09,100835.0,191211.0,174686.0,0.0,840.0,3695.0,38190.0,17.0
2022-07-10,97395.0,163295.0,183475.0,0.0,830.0,3505.0,28772.0,3.0
2022-07-11,98948.0,157424.0,194337.0,0.0,922.0,6182.0,36248.0,2.0
2022-07-12,93094.0,183577.0,192978.0,0.0,782.0,5729.0,40661.0,21.0
2022-07-13,87724.0,181667.0,194257.0,0.0,637.0,2720.0,37773.0,4.0
2022-07-14,84575.0,176182.0,194839.0,0.0,727.0,5825.0,38999.0,1.0
2022-07-15,83079.0,190874.0,194960.0,0.0,783.0,5956.0,41959.0,0.0
2022-07-16,88572.0,188102.0,194699.0,0.0,871.0,5766.0,31721.0,0.0
2022-07-17,91006.0,189306.0,194142.0,0.0,929.0,5318.0,33443.0,19.0
2022-07-18,93977.0,173615.0,194128.0,0.0,862.0,3068.0,35565.0,37.0
2022-07-19,91316.0,167755.0,194545.0,0.0,623.0,4039.0,39185.0,0.0
2022-07-20,99130.0,186972.0,193829.0,368.0,880.0,5592.0,46038.0,26.0
2022-07-21,116860.0,194731.0,193652.0,261.0,876.0,4971.0,37106.0,36.0
2022-07-22,110121.0,174714.0,193548.0,0.0,602.0,5686.0,39946.0,0.0
2022-07-23,114784.0,178349.0,193417.0,0.0,747.0,4624.0,41166.0,3.0
2022-07-24,112136.0,177892.0,193414.0,0.0,771.0,4486.0,38918.0,4.0
2022-07-25,115305.0,182452.0,193399.0,0.0,780.0,3303.0,40646.0,23.0
2022-07-26,109708.0,181883.0,193281.0,0.0,795.0,3801.0,40476.0,38.0
2022-07-27,104041.0,191650.0,193018.0,0.0,775.0,4270.0,41431.0,65.0
2022-07-28,100219.0,197179.0,193119.0,2.0,888.0,4752.0,43771.0,60.0
2022-07-29,91274.0,165693.0,194078.0,0.0,901.0,3624.0,33804.0,25.0
2022-07-30,95667.0,142522.0,192162.0,0.0,700.0,2601.0,46167.0,4.0
2022-07-31,90204.0,135553.0,192635.0,0.0,725.0,2229.0,42543.0,29.0
2022-08-01,93110.0,131938.0,194725.0,0.0,783.0,2498.0,48080.0,67.0
2022-08-02,99577.0,160534.0,192170.0,0.0,750.0,4763.0,55083.0,36.0
2022-08-03,101930.0,168812.0,194177.0,0.0,738.0,4609.0,57971.0,1.0
2022-08-04,100455.0,161915.0,194341.0,2.0,600.0,4333.0,54470.0,40.0
2022-08-05,90062.0,169370.0,194200.0,0.0,427.0,4582.0,56797.0,46.0
2022-08-06,82945.0,169588.0,194165.0,0.0,551.0,4783.0,48003.0,27.0
2022-08-07,83174.0,166725.0,194634.0,0.0,500.0,4893.0,38806.0,8.0
2022-08-08,86871.0,176729.0,194275.0,0.0,673.0,4768.0,45977.0,1.0
2022-08-09,89032.0,181526.0,193753.0,0.0,607.0,2986.0,49911.0,15.0
2022-08-10,73889.0,156632.0,193976.0,0.0,674.0,1753.0,47463.0,41.0
2022-08-11,57120.0,169898.0,194709.0,0.0,725.0,2640.0,53098.0,10.0
2022-08-12,55717.0,170975.0,194682.0,0.0,733.0,4160.0,55248.0,21.0
2022-08-13,60923.0,137322.0,194937.0,0.0,840.0,4597.0,43670.0,35.0
2022-08-14,59847.0,145616.0,194697.0,0.0,962.0,4455.0,42406.0,51.0
2022-08-15,48480.0,191651.0,194212.0,0.0,881.0,4532.0,56599.0,31.0
2022-08-16,46722.0,163461.0,194491.0,0.0,856.0,2692.0,47006.0,15.0
2022-08-17,52395.0,153616.0,195045.0,0.0,690.0,2018.0,48436.0,11.0
2022-08-18,52043.0,164195.0,194868.0,0.0,946.0,5060.0,50160.0,2.0
2022-08-19,56327.0,164874.0,194757.0,0.0,935.0,4293.0,50654.0,3.0
2022-08-20,52202.0,160747.0,195203.0,0.0,655.0,2585.0,43057.0,38.0
2022-08-21,51155.0,157259.0,195897.0,0.0,733.0,2015.0,36003.0,58.0
2022-08-22,56797.0,166161.0,195714.0,0.0,795.0,2950.0,51342.0,17.0
2022-08-23,54232.0,170087.0,195717.0,0.0,939.0,2676.0,51314.0,3.0
2022-08-24,51600.0,173061.0,195580.0,0.0,835.0,3135.0,47606.0,0.0
2022-08-25,51940.0,175561.0,194964.0,0.0,785.0,4496.0,53872.0,0.0
2022-08-26,52513.0,188447.0,194774.0,2.0,840.0,3230.0,54102.0,4.0
2022-08-27,54687.0,184747.0,187264.0,0.0,873.0,5346.0,37841.0,0.0
2022-08-28,53530.0,187502.0,193499.0,0.0,851.0,4667.0,39856.0,27.0
2022-08-29,53877.0,200063.0,193838.0,0.0,908.0,4273.0,47372.0,38.0
2022-08-30,55151.0,179420.0,193456.0,0.0,593.0,3708.0,49931.0,20.0
2022-08-31,53931.0,182293.0,193678.0,13.0,734.0,5671.0,49419.0,17.0
2022-09-01,69025.0,155743.0,191777.0,0.0,889.0,5800.0,43740.0,19.0
2022-09-02,65853.0,176690.0,176197.0,0.0,925.0,3637.0,50643.0,18.0
2022-09-03,56028.0,183744.0,177007.0,0.0,868.0,2692.0,45343.0,18.0
2022-09-04,51816.0,163924.0,177309.0,0.0,551.0,2203.0,38173.0,59.0
2022-09-05,48631.0,146301.0,190258.0,0.0,512.0,2406.0,45841.0,12.0
2022-09-06,50197.0,156828.0,192315.0,0.0,425.0,2813.0,56725.0,2.0
2022-09-07,53466.0,159208.0,184089.0,0.0,446.0,3896.0,54531.0,30.0
2022-09-08,50536.0,156523.0,182573.0,0.0,729.0,5358.0,51403.0,67.0
2022-09-09,51386.0,151450.0,184379.0,0.0,700.0,3336.0,59088.0,29.0
2022-09-10,39926.0,139175.0,195075.0,0.0,827.0,1051.0,46684.0,48.0
2022-09-11,45210.0,123338.0,195279.0,0.0,849.0,3072.0,52171.0,92.0
2022-09-12,47016.0,117800.0,195611.0,1.0,771.0,5788.0,65098.0,12.0
2022-09-13,45578.0,124136.0,196059.0,18.0,512.0,5726.0,44784.0,22.0
2022-09-14,55638.0,116502.0,195589.0,7.0,526.0,5402.0,53859.0,8.0
2022-09-15,59666.0,122118.0,187932.0,7.0,784.0,5177.0,55419.0,36.0
2022-09-16,58784.0,125782.0,194915.0,0.0,999.0,4191.0,54383.0,31.0
2022-09-17,54463.0,117523.0,194695.0,0.0,948.0,4217.0,44998.0,12.0
2022-09-18,54994.0,112418.0,194346.0,0.0,985.0,4615.0,50287.0,12.0
2022-09-19,67114.0,133915.0,194155.0,0.0,996.0,4912.0,50097.0,5.0
2022-09-20,86990.0,143963.0,193321.0,0.0,1079.0,5052.0,58540.0,14.0
2022-09-21,86858.0,146179.0,192800.0,0.0,832.0,5037.0,52138.0,0.0
2022-09-22,80882.0,137081.0,192596.0,0.0,958.0,3974.0,56510.0,74.0
2022-09-23,52604.0,107292.0,194088.0,2.0,1052.0,5495.0,49126.0,131.0
2022-09-24,50203.0,101782.0,190205.0,0.0,965.0,5609.0,38757.0,91.0
2022-09-25,51220.0,106900.0,194314.0,0.0,668.0,2740.0,48736.0,134.0
2022-09-26,52775.0,105473.0,194595.0,0.0,829.0,5494.0,48649.0,56.0
2022-09-27,48922.0,87566.0,195256.0,0.0,1064.0,5524.0,43831.0,51.0
2022-09-28,41957.0,94542.0,185169.0,11.0,959.0,5550.0,53647.0,68.0
2022-09-29,38638.0,106040.0,181751.0,0.0,1141.0,5602.0,47741.0,264.0
2022-09-30,38542.0,100138.0,182317.0,0.0,1015.0,5523.0,52017.0,191.0
2022-10-01,43574.0,93745.0,172903.0,0.0,690.0,5482.0,42381.0,210.0
2022-10-02,45876.0,82113.0,171308.0,0.0,505.0,5359.0,41269.0,148.0
2022-10-03,48920.0,85898.0,170941.0,0.0,545.0,5192.0,51056.0,124.0
2022-10-04,49349.0,98683.0,170895.0,2.0,593.0,5254.0,50126.0,29.0
2022-10-05,49847.0,94031.0,170811.0,0.0,540.0,5210.0,51678.0,82.0
2022-10-06,53965.0,91741.0,170285.0,0.0,549.0,4906.0,51034.0,20.0
2022-10-07,57733.0,83582.0,169769.0,0.0,570.0,4222.0,50378.0,11.0
2022-10-08,54175.0,78350.0,170083.0,0.0,591.0,5164.0,27922.0,120.0
2022-10-09,51959.0,77476.0,170336.0,0.0,419.0,5033.0,29234.0,13.0
2022-10-10,50312.0,98771.0,170077.0,0.0,240.0,4754.0,37116.0,14.0
2022-10-11,52397.0,105795.0,168459.0,0.0,193.0,4507.0,37731.0,43.0
2022-10-12,57272.0,106983.0,166231.0,0.0,189.0,2580.0,36975.0,308.0
2022-10-13,60545.0,97855.0,165896.0,0.0,222.0,4594.0,35274.0,188.0
2022-10-14,61800.0,96084.0,166382.0,0.0,658.0,4857.0,43938.0,90.0
2022-10-15,63796.0,84422.0,165797.0,0.0,1166.0,2660.0,33507.0,279.0
2022-10-16,68985.0,72418.0,165308.0,0.0,971.0,1844.0,29741.0,101.0
2022-10-17,74505.0,87307.0,165280.0,0.0,672.0,4796.0,24400.0,90.0
2022-10-18,77947.0,96358.0,166345.0,0.0,720.0,4796.0,29697.0,75.0
2022-10-19,80528.0,106329.0,166376.0,0.0,735.0,4939.0,36734.0,34.0
2022-10-20,80040.0,113968.0,166218.0,0.0,602.0,4750.0,36419.0,51.0
2022-10-21,72006.0,99951.0,166082.0,7.0,835.0,4509.0,40228.0,14.0
2022-10-22,64129.0,98028.0,145471.0,0.0,759.0,3081.0,29413.0,211.0
2022-10-23,64271.0,98350.0,141808.0,0.0,1010.0,3959.0,28080.0,56.0
2022-10-24,63340.0,100916.0,143507.0,0.0,988.0,3649.0,38856.0,78.0
2022-10-25,61024.0,101459.0,144210.0,0.0,818.0,1195.0,42906.0,268.0
2022-10-26,61513.0,114554.0,144576.0,0.0,643.0,2303.0,38552.0,132.0
2022-10-27,65851.0,122860.0,147175.0,0.0,1006.0,4447.0,36053.0,87.0
2022-10-28,61847.0,126485.0,156047.0,12.0,1084.0,3693.0,34253.0,46.0
2022-10-29,46701.0,104332.0,164728.0,0.0,938.0,2818.0,35139.0,14.0
2022-10-30,43466.0,100223.0,172484.0,0.0,901.0,696.0,26832.0,187.0
2022-10-31,42230.0,107762.0,170382.0,0.0,949.0,1021.0,39976.0,188.0
2022-11-01,55564.0,109832.0,174854.0,0.0,940.0,2602.0,33664.0,8.0
2022-11-02,51240.0,112398.0,174273.0,0.0,843.0,3262.0,33330.0,1.0
2022-11-03,42671.0,122700.0,157421.0,0.0,925.0,3869.0,38947.0,0.0
2022-11-04,41567.0,117334.0,171975.0,0.0,995.0,3466.0,36362.0,102.0
2022-11-05,36310.0,103571.0,172825.0,0.0,844.0,668.0,33447.0,261.0
2022-11-06,34906.0,99485.0,174533.0,0.0,1054.0,1081.0,30682.0,168.0
2022-11-07,49778.0,117911.0,174233.0,6.0,862.0,1859.0,33732.0,16.0
2022-11-08,60041.0,106313.0,174527.0,0.0,649.0,2719.0,35334.0,61.0
2022-11-09,58604.0,96441.0,174949.0,0.0,958.0,3802.0,33427.0,21.0
2022-11-10,55024.0,92676.0,175246.0,0.0,1013.0,2555.0,34907.0,31.0
2022-11-11,61362.0,90035.0,170430.0,0.0,1021.0,2033.0,37427.0,95.0
2022-11-12,68509.0,100883.0,165463.0,0.0,805.0,675.0,28947.0,36.0
2022-11-13,71507.0,143176.0,170254.0,0.0,524.0,2519.0,37487.0,3.0
2022-11-14,73116.0,167724.0,170352.0,0.0,866.0,3156.0,37784.0,8.0
2022-11-15,71352.0,136324.0,172312.0,0.0,978.0,492.0,37509.0,71.0
2022-11-16,67319.0,135141.0,176971.0,0.0,812.0,3537.0,39129.0,5.0
2022-11-17,71204.0,160674.0,177225.0,0.0,837.0,3921.0,46013.0,8.0
2022-11-18,76318.0,180752.0,177067.0,0.0,670.0,3291.0,51847.0,20.0
2022-11-19,83686.0,160716.0,176824.0,0.0,556.0,2447.0,37991.0,40.0
2022-11-20,75783.0,171441.0,177049.0,0.0,511.0,3819.0,33495.0,48.0
2022-11-21,75052.0,190409.0,175221.0,0.0,544.0,3001.0,47015.0,48.0
2022-11-22,73114.0,160011.0,175643.0,0.0,615.0,2608.0,46136.0,1.0
2022-11-23,69453.0,135924.0,175951.0,0.0,536.0,3234.0,45719.0,0.0
2022-11-24,45366.0,112981.0,177954.0,0.0,590.0,1816.0,42667.0,24.0
2022-11-25,40437.0,79508.0,187231.0,0.0,524.0,2242.0,29017.0,13.0
2022-11-26,41527.0,90489.0,192810.0,0.0,773.0,753.0,49394.0,63.0
2022-11-27,41404.0,79361.0,196167.0,0.0,812.0,786.0,31706.0,91.0
2022-11-28,43067.0,91315.0,204008.0,0.0,891.0,2916.0,42483.0,13.0
2022-11-29,40922.0,101503.0,204243.0,0.0,877.0,1379.0,47932.0,149.0
2022-11-30,41211.0,101878.0,202754.0,0.0,734.0,3391.0,25583.0,86.0
2022-12-01,40484.0,146611.0,204909.0,0.0,888.0,3030.0,65637.0,29.0
2022-12-02,47780.0,114859.0,199838.0,0.0,934.0,1400.0,65587.0,172.0
2022-12-03,47015.0,87813.0,174400.0,0.0,980.0,1436.0,46859.0,49.0
2022-12-04,45882.0,114226.0,174218.0,0.0,996.0,1218.0,73792.0,19.0
2022-12-05,47613.0,157154.0,174432.0,0.0,1188.0,143.0,58810.0,109.0
2022-12-06,51786.0,128360.0,173921.0,0.0,579.0,717.0,58180.0,180.0
2022-12-07,53408.0,105393.0,172808.0,3.0,980.0,386.0,60998.0,77.0
2022-12-08,49979.0,101133.0,172561.0,0.0,1228.0,470.0,70342.0,3.0
2022-12-09,51599.0,97237.0,173187.0,13.0,1199.0,488.0,68134.0,5.0
2022-12-10,50355.0,90156.0,173337.0,0.0,1243.0,702.0,73147.0,1.0
2022-12-11,50901.0,92569.0,173484.0,0.0,1206.0,383.0,68107.0,14.0
2022-12-12,50062.0,111272.0,186170.0,0.0,1154.0,1167.0,69325.0,0.0
2022-12-13,63921.0,92068.0,200105.0,0.0,1081.0,623.0,86079.0,24.0
2022-12-14,52793.0,99404.0,199114.0,0.0,840.0,181.0,71750.0,156.0
2022-12-15,50501.0,104279.0,204534.0,0.0,1265.0,3236.0,64727.0,72.0
2022-12-16,51401.0,130026.0,203983.0,0.0,1031.0,3102.0,79532.0,110.0
2022-12-17,52854.0,130300.0,204516.0,0.0,1063.0,3320.0,75919.0,137.0
2022-12-18,55384.0,149944.0,204188.0,0.0,1188.0,3783.0,73634.0,37.0
2022-12-19,69478.0,175365.0,205456.0,2.0,1215.0,1283.0,87462.0,0.0
2022-12-20,73606.0,146839.0,205300.0,0.0,1143.0,1377.0,72010.0,15.0
2022-12-21,80081.0,139447.0,205232.0,0.0,1194.0,2464.0,83293.0,6.0
2022-12-22,85691.0,108687.0,205116.0,0.0,1188.0,616.0,59732.0,84.0
2022-12-23,76395.0,195025.0,205706.0,814.0,939.0,2998.0,92896.0,93.0
2022-12-24,55791.0,253248.0,206103.0,797.0,734.0,3710.0,94521.0,3.0
2022-12-25,54200.0,233508.0,205955.0,0.0,739.0,3762.0,62272.0,4.0
2022-12-26,64735.0,208039.0,205874.0,0.0,708.0,525.0,78686.0,0.0
2022-12-27,65193.0,158753.0,205659.0,0.0,749.0,2788.0,66616.0,0.0
2022-12-28,66903.0,145799.0,205464.0,0.0,896.0,3509.0,65063.0,79.0
2022-12-29,54033.0,99752.0,205003.0,0.0,947.0,1108.0,56531.0,135.0
2022-12-30,41949.0,81350.0,204659.0,0.0,1036.0,857.0,49702.0,156.0
2022-12-31,28918.0,73063.0,203315.0,0.0,1247.0,1786.0,44531.0,132.0
