local_hour,total_nodes,active_nodes,avg_gpu_power_W,idle_nodes,utilization_rate,cluster_power_kW,active_power_kW,idle_power_kW,active_energy_kWh,shiftable_energy_kWh,shiftable_energy_20p_kWh,shiftable_energy_40p_kWh,snapshot_date,hour_of_day,datetime,carbon_intensity_gCO2_per_kWh,day_min_ci,day_max_ci,low_carbon_share,fossil_share,total_generation_MWh,COL,NG,NUC,OIL,OTH,SUN,WAT,WND,ci_rolling_24h,ci_rolling_7d,baseline_carbon_gCO2,optimized_carbon_gCO2,carbon_saved_gCO2,carbon_reduction_pct,baseline_carbon_kg,optimized_carbon_kg,carbon_saved_kg,optimized_carbon_20p_gCO2,carbon_saved_20p_gCO2,optimized_carbon_40p_gCO2,carbon_saved_40p_gCO2,is_green_hour,projected_annual_saving_tCO2,projected_annual_saving_20p_tCO2,projected_annual_saving_40p_tCO2
2020-01-19 19:00:00,4626,4283,608.86566,343,0.926,5091.7036,4870.3276,221.37605,4870.3276,1461.0984,974.06555,1948.1311,2020-01-20,19,2020-01-19 19:00:00,216.63,178.43,258.05,0.6586,0.3403,18508.0,2118.0,4181.0,8446.0,0.0,20.0,182.0,3561.0,0.0,221.72,208.45,1055059.07,999245.11,55813.96,5.29,1055.059,999.245,55.814,1017849.76,37209.31,980640.46,74418.61,1,313.64,209.09,418.19
2020-01-19 20:00:00,4626,4572,587.0527,54,0.988,5031.3423,4998.421,32.921444,4998.421,1499.5264,999.6842,1999.3684,2020-01-20,20,2020-01-19 20:00:00,212.67,178.43,258.05,0.6684,0.3304,18245.0,2103.0,3925.0,8453.0,0.0,22.0,189.0,3553.0,0.0,221.39,208.76,1063014.19,1011670.41,51343.78,4.83,1063.014,1011.67,51.344,1028785.01,34229.18,994555.82,68458.37,1,313.64,209.09,418.19
2020-01-19 21:00:00,4626,4576,627.01605,50,0.989,5333.9546,5303.6616,30.292673,5303.6616,1591.0985,1060.7323,2121.4646,2020-01-20,21,2020-01-19 21:00:00,213.61,178.43,258.05,0.6721,0.3268,18096.0,2172.0,3741.0,8444.0,0.0,20.0,191.0,3528.0,0.0,221.09,209.04,1132915.15,1076940.31,55974.84,4.94,1132.915,1076.94,55.975,1095598.59,37316.56,1058282.03,74633.12,1,313.64,209.09,418.19
2020-01-19 22:00:00,4626,4541,614.33057,85,0.982,5229.8677,5173.621,56.246307,5173.621,1552.0864,1034.7242,2069.4485,2020-01-20,22,2020-01-19 22:00:00,218.18,178.43,258.05,0.6615,0.3375,18363.0,2197.0,4000.0,8446.0,0.0,19.0,153.0,3548.0,0.0,220.73,209.33,1128780.63,1067085.2,61695.43,5.47,1128.781,1067.085,61.695,1087650.34,41130.29,1046520.05,82260.58,1,313.64,209.09,418.19
2020-01-19 23:00:00,4626,4400,563.65155,226,0.951,4846.7363,4702.859,143.87752,4702.859,1410.8577,940.5718,1881.1436,2020-01-20,23,2020-01-19 23:00:00,234.71,178.43,258.05,0.6186,0.3803,19488.0,2234.0,5178.0,8449.0,0.0,20.0,40.0,3567.0,0.0,220.9,209.65,1103808.04,1024404.96,79403.08,7.19,1103.808,1024.405,79.403,1050872.65,52935.39,997937.27,105870.77,1,313.64,209.09,418.19
2020-01-20 00:00:00,4626,4263,577.085,363,0.922,4932.807,4696.312,236.49515,4696.312,1408.8937,939.2624,1878.5248,2020-01-20,0,2020-01-20 00:00:00,238.83,238.83,319.17,0.6027,0.3963,21367.0,2330.0,6138.0,8457.0,0.0,22.0,0.0,4420.0,0.0,221.87,210.04,1121620.19,1121620.19,0.0,0.0,1121.62,1121.62,0.0,1121620.19,0.0,1121620.19,0.0,1,313.64,209.09,418.19
2020-01-20 01:00:00,4626,4320,551.8842,306,0.934,4689.09,4498.5864,190.50337,4498.5864,1349.5759,899.7173,1799.4346,2020-01-20,1,2020-01-20 01:00:00,248.19,238.83,319.17,0.5941,0.405,22201.0,2644.0,6347.0,8457.0,0.0,20.0,0.0,4733.0,0.0,224.41,210.5,1116504.16,1103872.13,12632.03,1.13,1116.504,1103.872,12.632,1108082.8,8421.36,1099661.45,16842.71,1,313.64,209.09,418.19
2020-01-20 02:00:00,4626,4492,552.1595,134,0.971,4727.406,4644.4453,82.96048,4644.4453,1393.3336,928.8891,1857.7782,2020-01-20,2,2020-01-20 02:00:00,252.48,238.83,319.17,0.5848,0.4144,22531.0,2687.0,6649.0,8457.0,0.0,19.0,0.0,4719.0,0.0,227.49,210.97,1172629.55,1153610.55,19019.0,1.62,1172.63,1153.611,19.019,1159950.21,12679.34,1147270.88,25358.67,1,313.64,209.09,418.19
2020-01-20 03:00:00,4626,4568,588.2372,58,0.987,5072.3267,5036.8687,35.458355,5036.8687,1511.0607,1007.3737,2014.7474,2020-01-20,3,2020-01-20 03:00:00,254.01,238.83,319.17,0.5849,0.4141,22549.0,2753.0,6585.0,8464.0,0.0,23.0,0.0,4724.0,0.0,230.46,211.47,1279415.02,1256477.12,22937.9,1.79,1279.415,1256.477,22.938,1264123.09,15291.93,1248831.15,30583.87,1,313.64,209.09,418.19
2020-01-20 04:00:00,4626,4034,651.629,592,0.872,5359.081,5006.3286,352.75266,5006.3286,1501.8987,1001.26575,2002.5315,2020-01-20,4,2020-01-20 04:00:00,261.36,238.83,319.17,0.5714,0.4277,22378.0,2785.0,6787.0,8461.0,0.0,19.0,0.0,4326.0,0.0,233.49,211.97,1308454.04,1274616.27,33837.77,2.59,1308.454,1274.616,33.838,1285895.53,22558.51,1263337.01,45117.03,1,313.64,209.09,418.19
2020-01-20 05:00:00,4626,2664,398.24838,1962,0.576,3901.4778,2613.8413,1287.6366,2613.8413,784.1524,522.76825,1045.5365,2020-01-20,5,2020-01-20 05:00:00,266.71,238.83,319.17,0.5636,0.4355,22009.0,2813.0,6771.0,8466.0,0.0,20.0,0.0,3939.0,0.0,236.39,212.43,697137.61,675275.44,21862.17,3.14,697.138,675.275,21.862,682562.83,14574.78,667988.06,29149.55,1,313.64,209.09,418.19
2020-01-20 06:00:00,4626,4535,531.31757,91,0.98,4991.2256,4929.332,61.893463,4929.332,1478.7997,985.8664,1971.7328,2020-01-20,6,2020-01-20 06:00:00,277.79,238.83,319.17,0.5572,0.4418,21698.0,3096.0,6490.0,8471.0,0.0,22.0,0.0,3619.0,0.0,239.38,212.84,1369319.14,1311705.1,57614.04,4.21,1369.319,1311.705,57.614,1330909.78,38409.36,1292500.43,76818.71,1,313.64,209.09,418.19
2020-01-20 07:00:00,4626,4559,534.1828,67,0.986,5014.116,4971.237,42.87877,4971.237,1491.3711,994.2474,1988.4948,2020-01-20,7,2020-01-20 07:00:00,280.25,238.83,319.17,0.5591,0.4399,21509.0,3198.0,6263.0,8467.0,0.0,23.0,47.0,3511.0,0.0,242.08,213.09,1393189.17,1331416.58,61772.59,4.43,1393.189,1331.417,61.773,1352007.44,41181.73,1310825.71,82363.46,0,313.64,209.09,418.19
2020-01-20 08:00:00,4626,4566,483.51422,60,0.987,4609.739,4573.344,36.39515,4573.344,1372.0033,914.6689,1829.3378,2020-01-20,8,2020-01-20 08:00:00,283.95,238.83,319.17,0.5554,0.4439,21568.0,3287.0,6286.0,8470.0,0.0,17.0,0.0,3508.0,0.0,244.77,213.34,1298601.03,1236696.24,61904.79,4.77,1298.601,1236.696,61.905,1257331.17,41269.86,1216061.31,82539.72,0,313.64,209.09,418.19
2020-01-20 09:00:00,4626,4522,530.6765,104,0.978,5090.433,5025.605,64.82818,5025.605,1507.6815,1005.12103,2010.2421,2020-01-20,9,2020-01-20 09:00:00,286.0,238.83,319.17,0.5478,0.4512,21867.0,3278.0,6589.0,8470.0,0.0,22.0,0.0,3508.0,0.0,247.38,213.6,1437323.03,1366205.69,71117.34,4.95,1437.323,1366.206,71.117,1389911.47,47411.56,1342499.91,94823.12,0,313.64,209.09,418.19
2020-01-20 10:00:00,4626,4481,512.2624,145,0.969,4918.9116,4829.569,89.34233,4829.569,1448.8707,965.91376,1931.8275,2020-01-20,10,2020-01-20 10:00:00,291.48,238.83,319.17,0.5351,0.464,22436.0,3355.0,7055.0,8478.0,0.0,20.0,0.0,3528.0,0.0,249.94,213.87,1407722.77,1331439.73,76283.04,5.42,1407.723,1331.44,76.283,1356867.41,50855.36,1306012.05,101710.72,0,313.64,209.09,418.19
2020-01-20 11:00:00,4626,4415,463.07285,211,0.954,4674.8687,4546.143,128.72517,4546.143,1363.843,909.22864,1818.4573,2020-01-20,11,2020-01-20 11:00:00,287.56,238.83,319.17,0.5338,0.4654,22927.0,3240.0,7430.0,8476.0,0.0,19.0,0.0,3762.0,0.0,251.89,214.13,1307288.88,1240828.81,66460.07,5.08,1307.289,1240.829,66.46,1262982.17,44306.71,1218675.46,88613.42,0,313.64,209.09,418.19
2020-01-20 12:00:00,4626,4060,429.0623,566,0.878,4500.106,4140.5967,359.50937,4140.5967,1242.1791,828.1193,1656.2386,2020-01-20,12,2020-01-20 12:00:00,289.34,238.83,319.17,0.5251,0.474,24356.0,3347.0,8197.0,8475.0,0.0,23.0,0.0,4314.0,0.0,253.19,214.48,1198040.25,1135297.78,62742.47,5.24,1198.04,1135.298,62.742,1156211.94,41828.31,1114383.64,83656.61,0,313.64,209.09,418.19
2020-01-20 13:00:00,4626,3571,410.75876,1055,0.772,4447.663,3716.8206,730.8424,3716.8206,1115.0463,743.36414,1486.7283,2020-01-20,13,2020-01-20 13:00:00,290.89,238.83,319.17,0.5208,0.4783,24665.0,3373.0,8424.0,8480.0,0.0,22.0,0.0,4366.0,0.0,254.73,214.94,1081185.94,1023136.63,58049.31,5.37,1081.186,1023.137,58.049,1042486.41,38699.53,1003786.87,77399.07,0,313.64,209.09,418.19
2020-01-20 14:00:00,4626,3561,396.60568,1065,0.77,4387.5024,3605.463,782.0395,3605.463,1081.6389,721.0926,1442.1852,2020-01-20,14,2020-01-20 14:00:00,294.92,238.83,319.17,0.5127,0.4865,25090.0,3448.0,8759.0,8480.0,0.0,20.0,5.0,4378.0,0.0,256.66,215.43,1063323.15,1002654.02,60669.13,5.71,1063.323,1002.654,60.669,1022877.06,40446.09,982430.98,80892.17,0,313.64,209.09,418.19
2020-01-20 15:00:00,4626,3534,384.70554,1092,0.764,4379.4214,3573.129,806.2927,3573.129,1071.9387,714.6258,1429.2516,2020-01-20,15,2020-01-20 15:00:00,293.68,238.83,319.17,0.516,0.4832,25612.0,3533.0,8843.0,8483.0,0.0,19.0,15.0,4719.0,0.0,258.49,215.93,1049356.52,990560.69,58795.83,5.6,1049.357,990.561,58.796,1010159.3,39197.22,970962.07,78394.45,0,313.64,209.09,418.19
2020-01-20 16:00:00,4626,3445,395.63397,1181,0.745,4442.0625,3562.6982,879.3645,3562.6982,1068.8096,712.5397,1425.0793,2020-01-20,16,2020-01-20 16:00:00,290.5,238.83,319.17,0.5228,0.4763,26162.0,3602.0,8859.0,8482.0,0.0,23.0,30.0,5166.0,0.0,260.39,216.39,1034963.83,979738.44,55225.39,5.34,1034.964,979.738,55.225,998146.9,36816.93,961329.98,73633.85,0,313.64,209.09,418.19
2020-01-20 17:00:00,4626,3406,392.59128,1220,0.736,4419.365,3511.0476,908.31744,3511.0476,1053.3143,702.20953,1404.4191,2020-01-20,17,2020-01-20 17:00:00,291.51,238.83,319.17,0.5224,0.4767,26014.0,3621.0,8781.0,8484.0,0.0,22.0,47.0,5059.0,0.0,262.59,216.83,1023505.49,968016.89,55488.6,5.42,1023.505,968.017,55.489,986513.09,36992.4,949520.69,73984.8,0,313.64,209.09,418.19
2020-01-20 18:00:00,4626,3725,411.3282,901,0.805,4384.1006,3789.15,594.9503,3789.15,1136.745,757.83,1515.66,2020-01-20,18,2020-01-20 18:00:00,302.38,238.83,319.17,0.507,0.4924,25203.0,3689.0,8722.0,8477.0,0.0,14.0,65.0,4236.0,0.0,265.73,217.34,1145763.18,1073523.03,72240.15,6.3,1145.763,1073.523,72.24,1097603.08,48160.1,1049442.98,96320.2,0,313.64,209.09,418.19
2020-08-19 20:00:00,4626,3533,475.98267,1093,0.764,4743.26,4033.443,709.817,4033.443,1210.033,806.68866,1613.3773,2020-08-20,20,2020-08-19 20:00:00,317.76,295.7,351.85,0.533,0.466,22828.0,4464.0,6174.0,8109.0,0.0,23.0,111.0,3947.0,0.0,330.39,340.56,1281666.85,1254973.52,26693.33,2.08,1281.667,1254.974,26.693,1263871.3,17795.55,1246075.74,35591.11,0,313.64,209.09,418.19
2020-08-19 21:00:00,4626,4196,492.60922,430,0.907,4871.8345,4557.598,314.23648,4557.598,1367.2795,911.51965,1823.0393,2020-08-20,21,2020-08-19 21:00:00,315.15,295.7,351.85,0.5339,0.4651,23155.0,4436.0,6334.0,8107.0,0.0,22.0,106.0,4150.0,0.0,329.91,340.39,1436327.01,1409733.42,26593.59,1.85,1436.327,1409.733,26.594,1418597.95,17729.06,1400868.9,35458.11,0,313.64,209.09,418.19
2020-08-19 22:00:00,4626,3912,474.6053,714,0.846,4861.972,4330.5425,531.42975,4330.5425,1299.1628,866.1085,1732.217,2020-08-20,22,2020-08-19 22:00:00,303.21,295.7,351.85,0.5487,0.4503,23300.0,4240.0,6253.0,8100.0,0.0,22.0,110.0,4575.0,0.0,328.81,340.16,1313063.79,1303307.08,9756.71,0.74,1313.064,1303.307,9.757,1306559.32,6504.47,1300054.84,13008.95,1,313.64,209.09,418.19
2020-08-19 23:00:00,4626,3258,425.0461,1368,0.704,4657.187,3600.34,1056.847,3600.34,1080.102,720.06805,1440.1361,2020-08-20,23,2020-08-19 23:00:00,295.7,295.7,351.85,0.5631,0.4358,22943.0,4131.0,5867.0,8101.0,0.0,26.0,89.0,4729.0,0.0,327.47,339.88,1064620.54,1064620.54,0.0,0.0,1064.621,1064.621,0.0,1064620.54,0.0,1064620.54,0.0,1,313.64,209.09,418.19
2020-08-20 00:00:00,4626,4167,392.87552,459,0.901,4483.9556,4120.4136,363.54172,4120.4136,1236.1241,824.0827,1648.1654,2020-08-20,0,2020-08-20 00:00:00,295.98,291.49,326.84,0.5662,0.4329,22464.0,4113.0,5611.0,8102.0,0.0,22.0,38.0,4578.0,0.0,326.21,339.6,1219560.02,1214009.82,5550.2,0.46,1219.56,1214.01,5.55,1215859.89,3700.13,1212159.75,7400.27,1,313.64,209.09,418.19
2020-08-20 01:00:00,4626,3671,392.5971,955,0.794,4430.8213,3766.8481,663.973,3766.8481,1130.0544,753.3696,1506.7393,2020-08-20,1,2020-08-20 01:00:00,299.5,291.49,326.84,0.5602,0.4388,21782.0,4021.0,5537.0,8106.0,0.0,22.0,4.0,4092.0,0.0,325.08,339.3,1128171.01,1119119.27,9051.74,0.8,1128.171,1119.119,9.052,1122136.52,6034.49,1116102.02,12068.99,1,313.64,209.09,418.19
2020-08-20 02:00:00,4626,3988,391.4077,638,0.862,4524.2344,4041.6638,482.57077,4041.6638,1212.4991,808.33276,1616.6655,2020-08-20,2,2020-08-20 02:00:00,324.41,291.49,326.84,0.5147,0.4842,20971.0,4040.0,6115.0,8107.0,0.0,23.0,0.0,2686.0,0.0,324.42,339.13,1311156.15,1271240.68,39915.47,3.04,1311.156,1271.241,39.915,1284545.84,26610.31,1257935.53,53220.62,0,313.64,209.09,418.19
2020-08-20 03:00:00,4626,3861,545.82367,765,0.835,5286.0464,4767.284,518.76215,4767.284,1430.1853,953.45685,1906.9137,2020-08-20,3,2020-08-20 03:00:00,326.84,291.49,326.84,0.5162,0.4825,19588.0,3885.0,5566.0,8102.0,0.0,25.0,0.0,2010.0,0.0,323.49,338.97,1558139.1,1507582.05,50557.05,3.24,1558.139,1507.582,50.557,1524434.4,33704.7,1490729.7,67409.4,0,313.64,209.09,418.19
2020-08-20 04:00:00,4626,2907,368.96048,1719,0.628,4043.2476,2909.4392,1133.8082,2909.4392,872.8318,581.8879,1163.7758,2020-08-20,4,2020-08-20 04:00:00,301.42,291.49,326.84,0.5492,0.4496,17800.0,3187.0,4816.0,8102.0,0.0,22.0,0.0,1673.0,0.0,321.85,338.69,876963.16,868295.94,8667.22,0.99,876.963,868.296,8.667,871185.02,5778.14,865406.87,11556.29,1,313.64,209.09,418.19
2020-08-20 05:00:00,4626,2390,295.24176,2236,0.517,3606.7285,2053.2915,1553.4368,2053.2915,615.9875,410.6583,821.3166,2020-08-20,5,2020-08-20 05:00:00,291.49,291.49,326.84,0.5587,0.4399,16558.0,2795.0,4489.0,8105.0,0.0,23.0,0.0,1146.0,0.0,319.43,338.35,598513.94,598513.94,0.0,0.0,598.514,598.514,0.0,598513.94,0.0,598513.94,0.0,1,313.64,209.09,418.19
2020-08-20 06:00:00,4626,4226,421.8654,400,0.914,4702.666,4440.163,262.50296,4440.163,1332.049,888.03265,1776.0653,2020-08-20,6,2020-08-20 06:00:00,300.8,291.49,326.84,0.5475,0.4508,15489.0,2735.0,4248.0,8117.0,0.0,25.0,0.0,364.0,0.0,317.31,337.98,1335601.03,1323199.65,12401.38,0.93,1335.601,1323.2,12.401,1327333.45,8267.58,1319065.86,16535.17,1,313.64,209.09,418.19
2020-08-20 07:00:00,4626,3473,415.1089,1153,0.751,4625.7563,3713.047,912.7093,3713.047,1113.9142,742.60944,1485.2189,2020-08-20,7,2020-08-20 07:00:00,307.83,291.49,326.84,0.5341,0.4644,15202.0,2712.0,4348.0,8120.0,0.0,22.0,0.0,0.0,0.0,316.54,337.67,1142987.26,1124785.9,18201.36,1.59,1142.987,1124.786,18.201,1130853.02,12134.24,1118718.78,24268.48,0,313.64,209.09,418.19
2020-08-20 08:00:00,4626,2934,409.20645,1692,0.634,4428.5195,3307.4778,1121.0417,3307.4778,992.24335,661.49554,1322.9911,2020-08-20,8,2020-08-20 08:00:00,305.08,291.49,326.84,0.5429,0.4555,14972.0,2704.0,4116.0,8129.0,0.0,23.0,0.0,0.0,0.0,316.05,337.37,1009045.33,995560.74,13484.59,1.34,1009.045,995.561,13.485,1000055.6,8989.73,991065.88,17979.45,1,313.64,209.09,418.19
2020-08-20 09:00:00,4626,3545,439.10007,1081,0.766,4554.155,3831.8901,722.26447,3831.8901,1149.5671,766.37805,1532.7561,2020-08-20,9,2020-08-20 09:00:00,302.1,291.49,326.84,0.5475,0.451,14832.0,2654.0,4035.0,8121.0,0.0,22.0,0.0,0.0,0.0,315.57,337.09,1157614.0,1145417.09,12196.91,1.05,1157.614,1145.417,12.197,1149482.73,8131.27,1141351.46,16262.54,1,313.64,209.09,418.19
2020-08-20 10:00:00,4626,4330,519.99097,296,0.936,4970.805,4785.2266,185.57811,4785.2266,1435.568,957.04535,1914.0907,2020-08-20,10,2020-08-20 10:00:00,302.98,291.49,326.84,0.5451,0.4532,14903.0,2661.0,4093.0,8124.0,0.0,25.0,0.0,0.0,0.0,315.25,336.81,1449827.96,1433333.28,16494.68,1.14,1449.828,1433.333,16.495,1438831.5,10996.46,1427835.05,21992.91,1,313.64,209.09,418.19
2020-08-20 11:00:00,4626,4180,518.7527,446,0.904,4897.2417,4606.1514,291.0898,4606.1514,1381.8455,921.2303,1842.4606,2020-08-20,11,2020-08-20 11:00:00,310.09,291.49,326.84,0.5251,0.4734,15480.0,2711.0,4617.0,8129.0,0.0,23.0,0.0,0.0,0.0,314.93,336.51,1428321.49,1402619.16,25702.33,1.8,1428.321,1402.619,25.702,1411186.6,17134.89,1394051.72,34269.77,0,313.64,209.09,418.19
2020-08-20 12:00:00,4626,4244,593.504,382,0.917,5397.243,5091.439,305.80383,5091.439,1527.4318,1018.2878,2036.5756,2020-08-20,12,2020-08-20 12:00:00,326.36,291.49,326.84,0.5031,0.4956,16173.0,3019.0,4996.0,8133.0,0.0,22.0,3.0,0.0,0.0,314.39,336.21,1661642.03,1608380.49,53261.54,3.21,1661.642,1608.38,53.262,1626134.34,35507.69,1590626.64,71015.39,0,313.64,209.09,418.19
2020-08-20 13:00:00,4626,3686,531.7081,940,0.797,5073.182,4321.8735,751.3082,4321.8735,1296.5621,864.3747,1728.7494,2020-08-20,13,2020-08-20 13:00:00,322.61,291.49,326.84,0.5052,0.4934,16780.0,3048.0,5231.0,8132.0,0.0,23.0,65.0,281.0,0.0,313.2,335.89,1394279.61,1353930.6,40349.01,2.89,1394.28,1353.931,40.349,1367380.27,26899.34,1340480.93,53798.68,0,313.64,209.09,418.19
2020-08-20 14:00:00,4626,3314,458.60263,1312,0.716,4628.9165,3671.6,957.3168,3671.6,1101.4801,734.32,1468.64,2020-08-20,14,2020-08-20 14:00:00,305.29,291.49,326.84,0.5303,0.4685,17960.0,3065.0,5349.0,8131.0,0.0,22.0,140.0,1253.0,0.0,311.26,335.55,1120902.76,1105702.34,15200.42,1.36,1120.903,1105.702,15.2,1110769.15,10133.61,1100635.53,20267.23,1,313.64,209.09,418.19
2020-08-20 15:00:00,4626,3306,422.33255,1320,0.715,4464.7773,3581.0881,883.6892,3581.0881,1074.3265,716.21765,1432.4353,2020-08-20,15,2020-08-20 15:00:00,312.07,291.49,326.84,0.5196,0.4793,19325.0,3368.0,5895.0,8128.0,0.0,20.0,170.0,1744.0,0.0,310.09,335.31,1117550.16,1095440.52,22109.64,1.98,1117.55,1095.441,22.11,1102810.4,14739.76,1088070.64,29479.52,0,313.64,209.09,418.19
2020-08-20 16:00:00,4626,3805,458.29697,821,0.823,4578.0396,4024.064,553.9756,4024.064,1207.2192,804.8128,1609.6256,2020-08-20,16,2020-08-20 16:00:00,311.41,291.49,326.84,0.5233,0.4756,20963.0,3691.0,6280.0,8113.0,0.0,22.0,192.0,2665.0,0.0,309.61,335.13,1253133.77,1229085.96,24047.81,1.92,1253.134,1229.086,24.048,1237101.9,16031.87,1221070.03,32063.74,0,313.64,209.09,418.19
2020-08-20 17:00:00,4626,4290,447.77063,336,0.927,4542.705,4299.376,243.32883,4299.376,1289.8129,859.8752,1719.7504,2020-08-20,17,2020-08-20 17:00:00,305.97,291.49,326.84,0.5347,0.4642,22615.0,3969.0,6529.0,8102.0,0.0,25.0,186.0,3804.0,0.0,308.9,334.92,1315480.07,1296803.58,18676.49,1.42,1315.48,1296.804,18.676,1303029.08,12450.99,1290578.09,24901.98,1,313.64,209.09,418.19
2020-08-20 18:00:00,4626,4455,537.12555,171,0.963,5077.775,4929.6816,148.09375,4929.6816,1478.9045,985.93634,1971.8727,2020-08-20,18,2020-08-20 18:00:00,314.47,291.49,326.84,0.5318,0.4671,23912.0,4510.0,6660.0,8100.0,0.0,25.0,173.0,4444.0,0.0,308.81,334.79,1550236.97,1516251.75,33985.22,2.19,1550.237,1516.252,33.985,1527580.16,22656.81,1504923.34,45313.63,0,313.64,209.09,418.19
2020-08-20 19:00:00,4626,4405,481.74774,221,0.952,4765.3027,4599.454,165.84827,4599.454,1379.8363,919.8908,1839.7816,2020-08-20,19,2020-08-20 19:00:00,320.84,291.49,326.84,0.5208,0.4782,24638.0,4711.0,7072.0,8099.0,0.0,23.0,162.0,4571.0,0.0,309.14,334.67,1475688.82,1435190.63,40498.19,2.74,1475.689,1435.191,40.498,1448690.03,26998.79,1421691.23,53997.59,0,313.64,209.09,418.19
2021-02-19 19:00:00,4626,4206,471.9786,420,0.909,4912.212,4549.446,362.766,4549.446,1364.8337,909.88916,1819.7783,2021-02-20,19,2021-02-19 19:00:00,375.63,331.15,382.86,0.4826,0.5161,22615.0,5870.0,5802.0,8289.0,0.0,28.0,140.0,2486.0,0.0,350.72,369.9,1708908.4,1648200.6,60707.8,3.55,1708.908,1648.201,60.708,1668436.53,40471.87,1627964.66,80943.74,0,313.64,209.09,418.19
2021-02-19 20:00:00,4626,4275,563.688,351,0.924,5532.576,5234.925,297.651,5234.925,1570.4775,1046.985,2093.97,2021-02-20,20,2021-02-19 20:00:00,382.86,331.15,382.86,0.4728,0.5262,21794.0,5768.0,5700.0,8294.0,0.0,22.0,161.0,1849.0,0.0,352.04,370.17,2004243.39,1923033.99,81209.4,4.05,2004.243,1923.034,81.209,1950103.79,54139.6,1895964.2,108279.19,0,313.64,209.09,418.19
2021-02-19 21:00:00,4626,3304,479.8886,1322,0.714,5062.3467,4109.93,952.41626,4109.93,1232.9791,821.986,1643.972,2021-02-20,21,2021-02-19 21:00:00,381.75,331.15,382.86,0.4864,0.5127,20992.0,5747.0,5015.0,8281.0,0.0,20.0,183.0,1746.0,0.0,353.25,370.34,1568965.78,1506577.04,62388.74,3.98,1568.966,1506.577,62.389,1527373.29,41592.49,1485780.79,83184.99,0,313.64,209.09,418.19
2021-02-19 22:00:00,4626,4097,551.7365,529,0.886,5510.1724,5103.926,406.2468,5103.926,1531.1777,1020.78516,2041.5703,2021-02-20,22,2021-02-19 22:00:00,378.33,331.15,382.86,0.4932,0.5059,20740.0,5665.0,4827.0,8283.0,0.0,19.0,188.0,1758.0,0.0,354.23,370.46,1930968.32,1858727.36,72240.96,3.74,1930.968,1858.727,72.241,1882807.68,48160.64,1834647.04,96321.28,0,313.64,209.09,418.19
2021-02-19 23:00:00,4626,4076,602.2643,550,0.881,5774.151,5353.128,421.0231,5353.128,1605.9385,1070.6256,2141.2512,2021-02-20,23,2021-02-19 23:00:00,375.88,331.15,382.86,0.4892,0.5099,21087.0,5596.0,5156.0,8281.0,0.0,20.0,106.0,1928.0,0.0,354.99,370.56,2012133.75,1940300.12,71833.63,3.57,2012.134,1940.3,71.834,1964244.67,47889.08,1916355.59,95778.16,0,313.64,209.09,418.19
2021-02-20 00:00:00,4626,3480,544.35144,1146,0.752,5450.1973,4525.569,924.6286,4525.569,1357.6707,905.1138,1810.2275,2021-02-20,0,2021-02-20 00:00:00,362.05,308.86,362.05,0.4883,0.5106,22498.0,5388.0,6100.0,8284.0,0.0,25.0,10.0,2691.0,0.0,355.49,370.6,1638482.26,1566267.75,72214.51,4.41,1638.482,1566.268,72.215,1590339.25,48143.01,1542196.26,96286.0,0,313.64,209.09,418.19
2021-02-20 01:00:00,4626,4102,583.52167,524,0.887,5556.0796,5166.117,389.96237,5166.117,1549.8352,1033.2235,2066.447,2021-02-20,1,2021-02-20 01:00:00,340.19,308.86,362.05,0.5159,0.4831,23870.0,5307.0,6224.0,8286.0,0.0,25.0,0.0,4028.0,0.0,355.87,370.5,1757461.34,1708905.01,48556.33,2.76,1757.461,1708.905,48.556,1725090.45,32370.89,1692719.56,64741.78,0,313.64,209.09,418.19
2021-02-20 02:00:00,4626,4014,603.9785,612,0.868,5714.693,5236.5923,478.10046,5236.5923,1570.9778,1047.3185,2094.637,2021-02-20,2,2021-02-20 02:00:00,338.1,308.86,362.05,0.5169,0.482,24189.0,5307.0,6352.0,8297.0,0.0,26.0,0.0,4207.0,0.0,355.96,370.39,1770491.86,1724556.47,45935.39,2.59,1770.492,1724.556,45.935,1739868.26,30623.6,1709244.67,61247.19,1,313.64,209.09,418.19
2021-02-20 03:00:00,4626,4019,588.2747,607,0.869,5613.7827,5149.883,463.8997,5149.883,1544.965,1029.9766,2059.9531,2021-02-20,3,2021-02-20 03:00:00,333.99,308.86,362.05,0.5257,0.4734,24260.0,5316.0,6168.0,8289.0,0.0,22.0,0.0,4465.0,0.0,355.37,370.25,1720009.42,1681184.45,38824.97,2.26,1720.009,1681.184,38.825,1694126.11,25883.31,1668242.8,51766.62,1,313.64,209.09,418.19
2021-02-20 04:00:00,4626,3961,491.4379,665,0.856,5204.7725,4608.6235,596.1493,4608.6235,1382.5872,921.72473,1843.4495,2021-02-20,4,2021-02-20 04:00:00,333.13,308.86,362.05,0.5302,0.4687,23858.0,5278.0,5905.0,8288.0,0.0,25.0,0.0,4362.0,0.0,354.67,370.07,1535270.75,1501715.36,33555.39,2.19,1535.271,1501.715,33.555,1512900.49,22370.26,1490530.23,44740.52,1,313.64,209.09,418.19
2021-02-20 05:00:00,4626,3262,483.59485,1364,0.705,5099.158,4034.122,1065.0363,4034.122,1210.2367,806.8244,1613.6488,2021-02-20,5,2021-02-20 05:00:00,337.45,308.86,362.05,0.5239,0.4753,23573.0,5278.0,5926.0,8293.0,0.0,20.0,0.0,4056.0,0.0,354.01,369.92,1361314.47,1326713.8,34600.67,2.54,1361.314,1326.714,34.601,1338247.36,23067.11,1315180.25,46134.22,1,313.64,209.09,418.19
2021-02-20 06:00:00,4626,2438,406.7823,2188,0.527,4490.1,2897.1306,1592.9697,2897.1306,869.1392,579.42615,1158.8523,2021-02-20,6,2021-02-20 06:00:00,342.58,308.86,362.05,0.5153,0.4836,23148.0,5236.0,5959.0,8290.0,0.0,25.0,0.0,3638.0,0.0,353.23,369.73,992499.0,963191.63,29307.37,2.95,992.499,963.192,29.307,972960.75,19538.25,953422.5,39076.5,0,313.64,209.09,418.19
2021-02-20 07:00:00,4626,1114,305.49393,3512,0.241,3980.6929,1357.7092,2622.9834,1357.7092,407.31277,271.54184,543.0837,2021-02-20,7,2021-02-20 07:00:00,344.35,308.86,362.05,0.512,0.4869,23167.0,5252.0,6029.0,8294.0,0.0,25.0,0.0,3567.0,0.0,352.46,369.54,467527.16,453071.63,14455.53,3.09,467.527,453.072,14.456,457890.14,9637.02,448253.12,19274.04,0,313.64,209.09,418.19
2021-02-20 08:00:00,4626,4562,337.6815,64,0.986,4587.55,4524.1167,63.433617,4524.1167,1357.2351,904.82336,1809.6467,2021-02-20,8,2021-02-20 08:00:00,346.46,308.86,362.05,0.5065,0.4924,23206.0,5246.0,6181.0,8290.0,0.0,25.0,0.0,3464.0,0.0,351.86,369.31,1567425.47,1516393.43,51032.04,3.26,1567.425,1516.393,51.032,1533404.11,34021.36,1499382.76,68042.71,0,313.64,209.09,418.19
2021-02-20 09:00:00,4626,4563,560.48596,63,0.986,5600.9546,5537.6636,63.290955,5537.6636,1661.2992,1107.5327,2215.0654,2021-02-20,9,2021-02-20 09:00:00,350.45,308.86,362.05,0.4916,0.5073,23813.0,5266.0,6814.0,8300.0,0.0,26.0,0.0,3407.0,0.0,351.46,369.1,1940674.21,1871580.77,69093.44,3.56,1940.674,1871.581,69.093,1894611.92,46062.29,1848549.64,92124.57,0,313.64,209.09,418.19
2021-02-20 10:00:00,4626,3196,401.0517,1430,0.691,4850.1533,3754.3584,1095.7953,3754.3584,1126.3076,750.8717,1501.7434,2021-02-20,10,2021-02-20 10:00:00,346.11,308.86,362.05,0.4939,0.5052,24619.0,5296.0,7142.0,8292.0,0.0,22.0,0.0,3867.0,0.0,351.06,368.85,1299420.99,1257466.03,41954.96,3.23,1299.421,1257.466,41.955,1271451.01,27969.98,1243481.04,55939.95,0,313.64,209.09,418.19
2021-02-20 11:00:00,4626,3394,415.20358,1232,0.734,5035.2773,3979.4443,1055.8333,3979.4443,1193.8334,795.88885,1591.7777,2021-02-20,11,2021-02-20 11:00:00,337.54,308.86,362.05,0.5064,0.4928,25339.0,5315.0,7171.0,8291.0,0.0,22.0,0.0,4540.0,0.0,350.78,368.56,1343221.63,1308982.49,34239.14,2.55,1343.222,1308.982,34.239,1320395.54,22826.09,1297569.44,45652.19,1,313.64,209.09,418.19
2021-02-20 12:00:00,4626,3666,449.7903,960,0.792,5167.3115,4372.5,794.81146,4372.5,1311.75,874.5,1749.0,2021-02-20,12,2021-02-20 12:00:00,335.11,308.86,362.05,0.5038,0.4953,26370.0,5359.0,7703.0,8291.0,0.0,23.0,0.0,4994.0,0.0,350.7,368.29,1465268.48,1430835.04,34433.44,2.35,1465.268,1430.835,34.433,1442312.85,22955.63,1419357.22,45911.26,1,313.64,209.09,418.19
2021-02-20 13:00:00,4626,3958,499.67212,668,0.856,5494.5,4976.109,518.3909,4976.109,1492.8328,995.2218,1990.4436,2021-02-20,13,2021-02-20 13:00:00,332.82,308.86,362.05,0.5023,0.4971,27145.0,5370.0,8124.0,8291.0,0.0,17.0,2.0,5341.0,0.0,350.57,368.09,1656148.6,1620380.32,35768.28,2.16,1656.149,1620.38,35.768,1632303.08,23845.52,1608457.57,47691.03,1,313.64,209.09,418.19
2021-02-20 14:00:00,4626,3867,475.75793,759,0.836,5354.3203,4786.517,567.8037,4786.517,1435.9552,957.3034,1914.6068,2021-02-20,14,2021-02-20 14:00:00,331.87,308.86,362.05,0.5042,0.4952,27170.0,5372.0,8082.0,8296.0,0.0,16.0,66.0,5338.0,0.0,350.3,367.92,1588501.4,1555460.07,33041.33,2.08,1588.501,1555.46,33.041,1566473.85,22027.55,1544446.29,44055.11,1,313.64,209.09,418.19
2021-02-20 15:00:00,4626,3884,477.36707,742,0.84,5456.474,4875.411,581.06335,4875.411,1462.6234,975.0822,1950.1644,2021-02-20,15,2021-02-20 15:00:00,330.37,308.86,362.05,0.5199,0.4795,25868.0,5375.0,7028.0,8297.0,0.0,17.0,171.0,4980.0,0.0,349.86,367.73,1610689.53,1579228.5,31461.03,1.95,1610.69,1579.228,31.461,1589715.51,20974.02,1568741.5,41948.03,1,313.64,209.09,418.19
2021-02-20 16:00:00,4626,3776,474.9098,850,0.816,5576.2344,4773.6,802.6345,4773.6,1432.0801,954.72003,1909.4401,2021-02-20,16,2021-02-20 16:00:00,328.25,308.86,362.05,0.5422,0.4571,24240.0,5385.0,5696.0,8286.0,0.0,17.0,200.0,4656.0,0.0,349.16,367.55,1566934.2,1539166.17,27768.03,1.77,1566.934,1539.166,27.768,1548422.18,18512.02,1529910.16,37024.04,1,313.64,209.09,418.19
2021-02-20 17:00:00,4626,3781,451.84808,845,0.817,5371.2544,4707.087,664.16766,4707.087,1412.1261,941.4174,1882.8348,2021-02-20,17,2021-02-20 17:00:00,330.2,308.86,362.05,0.5424,0.4568,22735.0,5136.0,5250.0,8290.0,0.0,17.0,197.0,3845.0,0.0,348.23,367.36,1554280.13,1524145.36,30134.77,1.94,1554.28,1524.145,30.135,1534190.28,20089.85,1514100.43,40179.7,1,313.64,209.09,418.19
2021-02-20 18:00:00,4626,3655,444.26224,971,0.79,5303.321,4574.4424,728.8785,4574.4424,1372.3328,914.8885,1829.777,2021-02-20,18,2021-02-20 18:00:00,316.14,308.86,362.05,0.5592,0.44,21497.0,4602.0,4857.0,8281.0,0.0,17.0,194.0,3546.0,0.0,346.32,367.07,1446164.22,1436173.64,9990.58,0.69,1446.164,1436.174,9.991,1439503.83,6660.39,1432843.44,13320.78,1,313.64,209.09,418.19
2021-08-09 20:00:00,4626,4311,560.83685,315,0.932,5416.048,5180.287,235.76094,5180.287,1554.0862,1036.0575,2072.115,2021-08-10,20,2021-08-09 20:00:00,344.04,334.03,396.15,0.4553,0.5439,26442.0,4753.0,9629.0,7339.0,0.0,22.0,324.0,4375.0,0.0,361.61,334.7,1782225.94,1766669.54,15556.4,0.87,1782.226,1766.67,15.556,1771855.0,10370.94,1761484.07,20741.87,1,313.64,209.09,418.19
2021-08-09 21:00:00,4626,4073,554.5012,553,0.88,5382.738,4950.3774,432.36072,4950.3774,1485.1133,990.0755,1980.151,2021-08-10,21,2021-08-09 21:00:00,342.38,334.03,396.15,0.4567,0.5425,26644.0,4739.0,9715.0,7342.0,0.0,23.0,328.0,4497.0,0.0,361.54,334.89,1694910.21,1682509.52,12400.69,0.73,1694.91,1682.51,12.401,1686643.08,8267.13,1678375.95,16534.26,1,313.64,209.09,418.19
2021-08-09 22:00:00,4626,4022,542.7677,604,0.869,5311.462,4809.812,501.65005,4809.812,1442.9436,961.9624,1923.9248,2021-08-10,22,2021-08-09 22:00:00,342.03,334.03,396.15,0.4569,0.5421,26614.0,4723.0,9705.0,7343.0,0.0,25.0,321.0,4497.0,0.0,361.48,335.05,1645100.0,1633556.45,11543.55,0.7,1645.1,1633.556,11.544,1637404.3,7695.7,1629708.6,15391.4,1,313.64,209.09,418.19
2021-08-09 23:00:00,4626,4447,561.36053,179,0.961,5498.888,5345.163,153.72495,5345.163,1603.549,1069.0326,2138.0652,2021-08-10,23,2021-08-09 23:00:00,344.43,334.03,396.15,0.4555,0.5437,26336.0,4758.0,9560.0,7344.0,0.0,22.0,252.0,4400.0,0.0,361.46,335.24,1841034.49,1824357.58,16676.91,0.91,1841.034,1824.358,16.677,1829916.55,11117.94,1818798.61,22235.88,1,313.64,209.09,418.19
2021-08-10 00:00:00,4626,3549,490.64072,1077,0.767,4993.63,4242.6655,750.9648,4242.6655,1272.7997,848.53314,1697.0663,2021-08-10,0,2021-08-10 00:00:00,347.91,330.44,406.34,0.4528,0.5463,25762.0,4761.0,9312.0,7332.0,0.0,23.0,121.0,4213.0,0.0,361.42,335.49,1476065.75,1453829.94,22235.81,1.51,1476.066,1453.83,22.236,1461241.88,14823.87,1446418.01,29647.74,1,313.64,209.09,418.19
2021-08-10 01:00:00,4626,3780,457.5502,846,0.817,4755.019,4134.5015,620.51746,4134.5015,1240.3505,826.9003,1653.8007,2021-08-10,1,2021-08-10 01:00:00,359.53,330.44,406.34,0.4384,0.5606,24520.0,4760.0,8985.0,7361.0,0.0,25.0,13.0,3376.0,0.0,361.63,335.76,1486477.32,1450395.53,36081.79,2.43,1486.477,1450.396,36.082,1462422.79,24054.53,1438368.26,48109.06,1,313.64,209.09,418.19
2021-08-10 02:00:00,4626,3968,458.99048,658,0.858,5019.317,4498.2207,521.0967,4498.2207,1349.4663,899.64417,1799.2883,2021-08-10,2,2021-08-10 02:00:00,366.25,330.44,406.34,0.4328,0.5663,23554.0,4751.0,8588.0,7362.0,0.0,22.0,0.0,2831.0,0.0,361.8,336.04,1647473.33,1599148.94,48324.39,2.93,1647.473,1599.149,48.324,1615257.07,32216.26,1583040.82,64432.51,1,313.64,209.09,418.19
2021-08-10 03:00:00,4626,1836,249.35606,2790,0.397,3878.5356,1759.9937,2118.542,1759.9937,527.9981,351.99875,703.9975,2021-08-10,3,2021-08-10 03:00:00,376.83,330.44,406.34,0.4292,0.5697,21726.0,4737.0,7641.0,7356.0,0.0,23.0,0.0,1969.0,0.0,362.35,336.36,663218.43,638724.59,24493.84,3.69,663.218,638.725,24.494,646889.2,16329.23,630559.98,32658.45,0,313.64,209.09,418.19
2021-08-10 04:00:00,4626,4233,264.09943,393,0.915,3805.0176,3492.0027,313.0148,3492.0027,1047.6008,698.4006,1396.8011,2021-08-10,4,2021-08-10 04:00:00,390.45,330.44,406.34,0.4127,0.5863,20693.0,4744.0,7388.0,7350.0,0.0,22.0,0.0,1189.0,0.0,363.1,336.71,1363452.45,1300585.93,62866.52,4.61,1363.452,1300.586,62.867,1321541.43,41911.02,1279630.42,83822.03,0,313.64,209.09,418.19
2021-08-10 05:00:00,4626,2607,448.10492,2019,0.564,4873.028,3148.843,1724.1854,3148.843,944.65295,629.7686,1259.5372,2021-08-10,5,2021-08-10 05:00:00,406.34,330.44,406.34,0.3956,0.6031,19026.0,4646.0,6828.0,7355.0,0.0,25.0,0.0,172.0,0.0,364.32,337.2,1279500.86,1207801.71,71699.15,5.6,1279.501,1207.802,71.699,1231701.43,47799.43,1183901.99,95598.87,0,313.64,209.09,418.19
2021-08-10 06:00:00,4626,2531,606.62085,2095,0.547,5777.3735,3944.5344,1832.8389,3944.5344,1183.3604,788.9069,1577.8138,2021-08-10,6,2021-08-10 06:00:00,403.22,330.44,406.34,0.4039,0.5949,18310.0,4491.0,6401.0,7361.0,0.0,23.0,0.0,34.0,0.0,364.77,337.66,1590515.16,1504390.19,86124.97,5.41,1590.515,1504.39,86.125,1533098.52,57416.64,1475681.87,114833.29,0,313.64,209.09,418.19
2021-08-10 07:00:00,4626,2664,598.41656,1962,0.576,5738.02,4003.317,1734.703,4003.317,1200.9951,800.6634,1601.3268,2021-08-10,7,2021-08-10 07:00:00,403.24,330.44,406.34,0.4098,0.5889,17971.0,4496.0,6088.0,7365.0,0.0,22.0,0.0,0.0,0.0,365.07,338.16,1614297.55,1526865.1,87432.45,5.42,1614.298,1526.865,87.432,1556009.25,58288.3,1497720.96,116576.59,0,313.64,209.09,418.19
2021-08-10 08:00:00,4626,2637,591.5611,1989,0.57,5718.8745,3956.877,1761.9976,3956.877,1187.0631,791.3754,1582.7509,2021-08-10,8,2021-08-10 08:00:00,401.14,330.44,406.34,0.4248,0.5738,17334.0,4482.0,5464.0,7363.0,0.0,25.0,0.0,0.0,0.0,365.88,338.67,1587261.64,1503336.28,83925.36,5.29,1587.262,1503.336,83.925,1531311.4,55950.24,1475361.15,111900.49,0,313.64,209.09,418.19
2021-08-10 09:00:00,4626,2519,588.96704,2107,0.545,5738.9355,3852.673,1886.2623,3852.673,1155.802,770.5346,1541.0692,2021-08-10,9,2021-08-10 09:00:00,399.23,330.44,406.34,0.4327,0.5658,17017.0,4452.0,5176.0,7364.0,0.0,25.0,0.0,0.0,0.0,366.95,339.18,1538102.64,1458595.02,79507.62,5.17,1538.103,1458.595,79.508,1485097.57,53005.07,1432092.49,106010.15,0,313.64,209.09,418.19
2021-08-10 10:00:00,4626,3547,601.8041,1079,0.767,5630.779,4801.6343,829.1449,4801.6343,1440.4904,960.32684,1920.6537,2021-08-10,10,2021-08-10 10:00:00,396.67,330.44,406.34,0.4277,0.5708,17231.0,4357.0,5478.0,7370.0,0.0,26.0,0.0,0.0,0.0,367.94,339.67,1904664.28,1809260.6,95403.68,5.01,1904.664,1809.261,95.404,1841061.83,63602.45,1777459.38,127204.9,0,313.64,209.09,418.19
2021-08-10 11:00:00,4626,3594,648.12573,1032,0.777,5820.92,5048.8516,772.0685,5048.8516,1514.6555,1009.7703,2019.5406,2021-08-10,11,2021-08-10 11:00:00,397.7,330.44,406.34,0.4152,0.5835,17744.0,4339.0,6015.0,7368.0,0.0,22.0,0.0,0.0,0.0,368.84,340.13,2007928.28,1906052.55,101875.73,5.07,2007.928,1906.053,101.876,1940011.13,67917.15,1872093.98,135834.3,0,313.64,209.09,418.19
2021-08-10 12:00:00,4626,3596,635.796,1030,0.777,5783.2676,5008.552,774.71533,5008.552,1502.5656,1001.7104,2003.4208,2021-08-10,12,2021-08-10 12:00:00,390.5,330.44,406.34,0.4221,0.5765,18401.0,4362.0,6247.0,7368.0,0.0,25.0,14.0,385.0,0.0,369.45,340.55,1955839.56,1865595.47,90244.09,4.61,1955.84,1865.595,90.244,1895676.83,60162.73,1835514.1,120325.46,0,313.64,209.09,418.19
2021-08-10 13:00:00,4626,3430,611.36255,1196,0.741,5682.39,4780.837,901.553,4780.837,1434.2511,956.1674,1912.3348,2021-08-10,13,2021-08-10 13:00:00,383.77,330.44,406.34,0.4279,0.5709,19024.0,4367.0,6494.0,7371.0,0.0,23.0,151.0,618.0,0.0,370.16,340.89,1834741.82,1758253.2,76488.62,4.17,1834.742,1758.253,76.489,1783749.41,50992.41,1732757.0,101984.82,0,313.64,209.09,418.19
2021-08-10 14:00:00,4626,3358,596.138,1268,0.726,5592.966,4630.202,962.76404,4630.202,1389.0607,926.04047,1852.0809,2021-08-10,14,2021-08-10 14:00:00,372.6,330.44,406.34,0.439,0.56,20378.0,4449.0,6962.0,7366.0,0.0,22.0,286.0,1293.0,0.0,370.48,341.1,1725213.27,1666650.47,58562.8,3.39,1725.213,1666.65,58.563,1686171.4,39041.87,1647129.53,78083.74,0,313.64,209.09,418.19
2021-08-10 15:00:00,4626,3481,595.0623,1145,0.752,5568.84,4715.9087,852.9315,4715.9087,1414.7727,943.18176,1886.3635,2021-08-10,15,2021-08-10 15:00:00,362.45,330.44,406.34,0.4439,0.555,22013.0,4488.0,7729.0,7377.0,0.0,25.0,339.0,2055.0,0.0,370.6,341.2,1709281.11,1663994.23,45286.88,2.65,1709.281,1663.994,45.287,1679089.86,30191.25,1648898.61,60382.5,1,313.64,209.09,418.19
2021-08-10 16:00:00,4626,3400,596.1749,1226,0.735,5573.5503,4643.802,929.74854,4643.802,1393.1406,928.7604,1857.5208,2021-08-10,16,2021-08-10 16:00:00,351.43,330.44,406.34,0.455,0.5438,23598.0,4554.0,8278.0,7483.0,0.0,28.0,340.0,2915.0,0.0,370.76,341.29,1631971.34,1602729.32,29242.02,1.79,1631.971,1602.729,29.242,1612476.66,19494.68,1592981.98,38989.36,1,313.64,209.09,418.19
2021-08-10 17:00:00,4626,4514,445.52185,112,0.976,4754.9517,4663.369,91.58233,4663.369,1399.0107,932.6738,1865.3477,2021-08-10,17,2021-08-10 17:00:00,337.52,330.44,406.34,0.4832,0.5158,24383.0,4650.0,7927.0,7610.0,0.0,25.0,336.0,3835.0,0.0,370.9,341.34,1573980.3,1564075.31,9904.99,0.63,1573.98,1564.075,9.905,1567376.97,6603.33,1560773.64,13206.66,1,313.64,209.09,418.19
2021-08-10 18:00:00,4626,4083,366.39154,543,0.883,4323.619,3909.2537,414.3652,3909.2537,1172.7761,781.85077,1563.7015,2021-08-10,18,2021-08-10 18:00:00,332.56,330.44,406.34,0.4908,0.5083,24951.0,4689.0,7994.0,7715.0,0.0,23.0,324.0,4206.0,0.0,370.58,341.41,1300061.41,1297575.13,2486.28,0.19,1300.061,1297.575,2.486,1298403.89,1657.52,1296746.36,3315.05,1,313.64,209.09,418.19
2021-08-10 19:00:00,4626,4534,416.0237,92,0.98,4602.764,4530.885,71.87921,4530.885,1359.2655,906.17694,1812.3539,2021-08-10,19,2021-08-10 19:00:00,331.53,330.44,406.34,0.4867,0.5124,25644.0,4685.0,8454.0,7805.0,0.0,25.0,334.0,4341.0,0.0,370.16,341.51,1502124.3,1500642.7,1481.6,0.1,1502.124,1500.643,1.482,1501136.57,987.73,1500148.84,1975.46,1,313.64,209.09,418.19
2022-01-19 19:00:00,4620,3037,401.82254,1583,0.657,4978.34,3719.135,1259.2047,3719.135,1115.7406,743.827,1487.654,2022-01-20,19,2022-01-19 19:00:00,292.16,290.31,322.47,0.5277,0.4714,18893.0,2733.0,6174.0,7017.0,0.0,17.0,194.0,2758.0,0.0,305.8,290.12,1086582.48,1084518.36,2064.12,0.19,1086.582,1084.518,2.064,1085206.4,1376.08,1083830.32,2752.16,0,313.64,209.09,418.19
2022-01-19 20:00:00,4620,3340,419.7332,1280,0.723,4818.054,3732.4749,1085.5791,3732.4749,1119.7426,746.495,1492.99,2022-01-20,20,2022-01-19 20:00:00,298.59,290.31,322.47,0.5167,0.4819,18605.0,2742.0,6224.0,7015.0,0.0,25.0,170.0,2429.0,0.0,304.59,290.39,1114479.68,1105208.21,9271.47,0.83,1114.48,1105.208,9.271,1108298.7,6180.98,1102117.72,12361.96,0,313.64,209.09,418.19
2022-01-19 21:00:00,4620,3500,478.43286,1120,0.758,5023.1465,4197.8926,825.2545,4197.8926,1259.3678,839.57855,1679.1571,2022-01-20,21,2022-01-19 21:00:00,298.91,290.31,322.47,0.5175,0.4808,18387.0,2732.0,6108.0,7010.0,0.0,31.0,62.0,2444.0,0.0,303.13,290.61,1254792.08,1243961.51,10830.57,0.86,1254.792,1243.962,10.831,1247571.7,7220.38,1240351.33,14440.75,0,313.64,209.09,418.19
2022-01-19 22:00:00,4620,2389,465.63123,2231,0.517,4870.108,3192.6929,1677.4155,3192.6929,957.8079,638.5386,1277.0771,2022-01-20,22,2022-01-19 22:00:00,297.25,290.31,322.47,0.5138,0.4849,18553.0,2644.0,6352.0,7012.0,0.0,25.0,20.0,2500.0,0.0,301.51,290.81,949027.96,942380.78,6647.18,0.7,949.028,942.381,6.647,944596.51,4431.45,940165.05,8862.91,0,313.64,209.09,418.19
2022-01-19 23:00:00,4620,2201,476.09833,2419,0.476,4928.9673,3054.1028,1874.8649,3054.1028,916.2309,610.82056,1221.6411,2022-01-20,23,2022-01-19 23:00:00,296.84,290.31,322.47,0.5001,0.4988,19175.0,2505.0,7060.0,6997.0,0.0,20.0,0.0,2593.0,0.0,299.78,291.0,906579.88,900596.89,5982.99,0.66,906.58,900.597,5.983,902591.22,3988.66,898602.56,7977.32,0,313.64,209.09,418.19
2022-01-20 00:00:00,4620,2522,409.6478,2098,0.546,4544.691,3001.1133,1543.5776,3001.1133,900.33405,600.22266,1200.4453,2022-01-20,0,2022-01-20 00:00:00,287.81,278.32,332.45,0.5091,0.4898,20059.0,2438.0,7387.0,7002.0,0.0,22.0,0.0,3210.0,0.0,298.33,291.15,863750.42,855206.25,8544.17,0.99,863.75,855.206,8.544,858054.31,5696.11,852358.19,11392.23,1,313.64,209.09,418.19
2022-01-20 01:00:00,4620,2440,366.74417,2180,0.528,4293.5596,2691.662,1601.8976,2691.662,807.49866,538.33246,1076.6649,2022-01-20,1,2022-01-20 01:00:00,278.92,278.32,332.45,0.5256,0.4734,20366.0,2421.0,7221.0,7000.0,0.0,20.0,0.0,3704.0,0.0,296.99,291.35,750758.37,750273.87,484.5,0.06,750.758,750.274,0.484,750435.37,323.0,750112.37,646.0,1,313.64,209.09,418.19
2022-01-20 02:00:00,4620,2491,436.38116,2129,0.539,4564.776,2967.7678,1597.0085,2967.7678,890.3304,593.5536,1187.1072,2022-01-20,2,2022-01-20 02:00:00,278.45,278.32,332.45,0.5271,0.4724,20258.0,2416.0,7154.0,7002.0,0.0,11.0,0.0,3675.0,0.0,295.79,291.51,826374.94,826259.2,115.74,0.01,826.375,826.259,0.116,826297.78,77.16,826220.62,154.32,1,313.64,209.09,418.19
2022-01-20 03:00:00,4620,2431,592.5214,2189,0.526,5329.451,3703.846,1625.6051,3703.846,1111.1538,740.7692,1481.5385,2022-01-20,3,2022-01-20 03:00:00,278.32,278.32,332.45,0.5298,0.4702,20138.0,2444.0,7024.0,7007.0,0.0,0.0,0.0,3663.0,0.0,294.68,291.7,1030854.42,1030854.42,0.0,0.0,1030.854,1030.854,0.0,1030854.42,0.0,1030854.42,0.0,1,313.64,209.09,418.19
2022-01-20 04:00:00,4620,3290,636.46893,1330,0.712,5558.145,4547.1426,1011.00244,4547.1426,1364.1428,909.4285,1818.857,2022-01-20,4,2022-01-20 04:00:00,278.95,278.32,332.45,0.5351,0.4649,19309.0,2449.0,6527.0,7013.0,0.0,0.0,0.0,3320.0,0.0,293.63,291.92,1268425.43,1267566.02,859.41,0.07,1268.425,1267.566,0.859,1267852.49,572.94,1267279.55,1145.88,1,313.64,209.09,418.19
2022-01-20 05:00:00,4620,2657,734.213,1963,0.575,6048.2695,4596.1455,1452.1243,4596.1455,1378.8438,919.2291,1838.4583,2022-01-20,5,2022-01-20 05:00:00,278.56,278.32,332.45,0.5408,0.4584,18488.0,2417.0,6058.0,7008.0,0.0,14.0,0.0,2991.0,0.0,293.01,292.15,1280302.29,1279971.37,330.92,0.03,1280.302,1279.971,0.331,1280081.68,220.61,1279861.06,441.23,1,313.64,209.09,418.19
2022-01-20 06:00:00,4620,2639,747.73676,1981,0.571,6128.555,4657.3784,1471.1768,4657.3784,1397.2136,931.4757,1862.9514,2022-01-20,6,2022-01-20 06:00:00,283.78,278.32,332.45,0.5321,0.4667,18124.0,2411.0,6047.0,7009.0,0.0,22.0,0.0,2635.0,0.0,292.71,292.35,1321670.84,1314042.06,7628.78,0.58,1321.671,1314.042,7.629,1316584.99,5085.85,1311499.13,10171.71,1,313.64,209.09,418.19
2022-01-20 07:00:00,4620,2589,746.21014,2031,0.56,6126.223,4603.404,1522.819,4603.404,1381.0212,920.6808,1841.3616,2022-01-20,7,2022-01-20 07:00:00,288.89,278.32,332.45,0.5186,0.4802,18318.0,2404.0,6392.0,7011.0,0.0,23.0,0.0,2488.0,0.0,292.22,292.61,1329877.38,1315279.99,14597.39,1.1,1329.877,1315.28,14.597,1320145.79,9731.59,1310414.19,19463.19,1,313.64,209.09,418.19
2022-01-20 08:00:00,4620,2602,749.2789,2018,0.563,6144.2646,4638.191,1506.0734,4638.191,1391.4573,927.6382,1855.2764,2022-01-20,8,2022-01-20 08:00:00,290.74,278.32,332.45,0.5128,0.486,18482.0,2401.0,6581.0,7008.0,0.0,22.0,0.0,2470.0,0.0,291.37,292.88,1348507.65,1331225.75,17281.9,1.28,1348.508,1331.226,17.282,1336986.38,11521.27,1325465.12,23042.53,1,313.64,209.09,418.19
2022-01-20 09:00:00,4621,3413,470.33374,1208,0.739,4775.478,3859.307,916.1712,3859.307,1157.7921,771.8614,1543.7228,2022-01-20,9,2022-01-20 09:00:00,291.94,278.32,332.45,0.5095,0.4892,18585.0,2404.0,6687.0,7011.0,0.0,25.0,0.0,2458.0,0.0,290.71,293.12,1126686.09,1110916.96,15769.13,1.4,1126.686,1110.917,15.769,1116173.33,10512.76,1105660.58,21025.51,0,313.64,209.09,418.19
2022-01-20 10:00:00,4621,1593,311.74005,3028,0.345,3909.7405,1810.9807,2098.76,1810.9807,543.29425,362.19614,724.3923,2022-01-20,10,2022-01-20 10:00:00,290.27,278.32,332.45,0.5118,0.487,18786.0,2409.0,6739.0,7018.0,0.0,23.0,0.0,2597.0,0.0,290.04,293.36,525673.37,519181.0,6492.37,1.24,525.673,519.181,6.492,521345.12,4328.25,517016.88,8656.49,1,313.64,209.09,418.19
2022-01-20 11:00:00,4621,1591,352.06793,3030,0.344,4102.782,2004.6038,2098.1782,2004.6038,601.38116,400.92075,801.8415,2022-01-20,11,2022-01-20 11:00:00,284.22,278.32,332.45,0.5162,0.4826,19675.0,2378.0,7118.0,7026.0,0.0,22.0,0.0,3131.0,0.0,289.43,293.58,569748.49,566200.34,3548.15,0.62,569.748,566.2,3.548,567383.06,2365.43,565017.63,4730.86,1,313.64,209.09,418.19
2022-01-20 12:00:00,4621,1656,322.7956,2965,0.358,4013.5366,1927.1978,2086.3389,1927.1978,578.15936,385.43954,770.8791,2022-01-20,12,2022-01-20 12:00:00,286.43,278.32,332.45,0.5102,0.4888,21271.0,2552.0,7846.0,7034.0,0.0,20.0,0.0,3819.0,0.0,288.82,293.79,552007.27,547318.39,4688.88,0.85,552.007,547.318,4.689,548881.35,3125.92,545755.44,6251.83,1,313.64,209.09,418.19
2022-01-20 13:00:00,4621,1774,333.62625,2847,0.384,4163.536,2087.1733,2076.3628,2087.1733,626.15204,417.43466,834.8693,2022-01-20,13,2022-01-20 13:00:00,291.98,278.32,332.45,0.5133,0.4858,22668.0,3005.0,8006.0,7029.0,0.0,22.0,0.0,4606.0,0.0,288.68,294.03,609412.86,600859.62,8553.24,1.4,609.413,600.86,8.553,603710.7,5702.16,598008.55,11404.31,0,313.64,209.09,418.19
2022-01-20 14:00:00,4621,1661,339.25305,2960,0.359,4075.1902,1978.5822,2096.6082,1978.5822,593.57465,395.71643,791.43286,2022-01-20,14,2022-01-20 14:00:00,298.88,278.32,332.45,0.5065,0.4925,23551.0,3286.0,8312.0,7030.0,0.0,25.0,5.0,4893.0,0.0,288.92,294.34,591358.65,579154.75,12203.9,2.06,591.359,579.155,12.204,583222.72,8135.93,575086.79,16271.86,0,313.64,209.09,418.19
2022-01-20 15:00:00,4621,1420,326.28333,3201,0.307,3956.8438,1734.1472,2222.6965,1734.1472,520.2442,346.82944,693.6589,2022-01-20,15,2022-01-20 15:00:00,305.26,278.32,332.45,0.4913,0.5077,24091.0,3342.0,8890.0,7036.0,0.0,23.0,53.0,4747.0,0.0,289.54,294.65,529365.77,515350.4,14015.37,2.65,529.366,515.35,14.015,520022.19,9343.58,510678.6,18687.17,0,313.64,209.09,418.19
2022-01-20 16:00:00,4621,3750,405.6815,871,0.812,4404.264,3773.0413,631.22284,3773.0413,1131.9125,754.6083,1509.2166,2022-01-20,16,2022-01-20 16:00:00,314.7,278.32,332.45,0.4674,0.5317,24564.0,3349.0,9712.0,7033.0,0.0,22.0,105.0,4343.0,0.0,290.53,295.08,1187376.1,1146197.12,41178.98,3.47,1187.376,1146.197,41.179,1159923.45,27452.65,1132470.8,54905.3,0,313.64,209.09,418.19
2022-01-20 17:00:00,4621,2732,399.4902,1889,0.591,4478.3037,3129.8708,1348.4327,3129.8708,938.9613,625.9742,1251.9484,2022-01-20,17,2022-01-20 17:00:00,325.84,278.32,332.45,0.4405,0.5585,24928.0,3356.0,10567.0,7037.0,0.0,23.0,157.0,3788.0,0.0,292.0,295.62,1019837.1,975217.66,44619.44,4.38,1019.837,975.218,44.619,990090.81,29746.29,960344.51,59492.59,0,313.64,209.09,418.19
2022-01-20 18:00:00,4621,4516,395.40414,105,0.977,4476.629,4397.4707,79.15822,4397.4707,1319.2412,879.49414,1758.9883,2022-01-20,18,2022-01-20 18:00:00,331.27,278.32,332.45,0.4305,0.5685,24833.0,3384.0,10733.0,7033.0,0.0,25.0,206.0,3452.0,0.0,293.71,296.13,1456750.12,1386896.3,69853.82,4.8,1456.75,1386.896,69.854,1410180.9,46569.22,1363611.69,93138.43,0,313.64,209.09,418.19
